nameID	kingdom	phylum	class	order	family	genus
1	Animalia	Chordata	Mammalia	Perissodactyla	Equidae	Equus
2	Animalia	Chordata	Mammalia	Carnivora	Canidae	Canis
3	Animalia	Chordata	Mammalia	Carnivora	Felidae	Felis
4	Animalia	Chordata	Mammalia	Artiodactyla	Suidae	Sus
6	Animalia	Chordata	Mammalia	Artiodactyla	Cervidae	Cervus
7	Animalia	Chordata	Mammalia	Artiodactyla	Cervidae	Capreolus
8	Animalia	Chordata	Mammalia	Artiodactyla	Cervidae	Dama
9	Animalia	Chordata	Mammalia	Artiodactyla	Cervidae	Alces
10	Animalia	Chordata	Mammalia	Artiodactyla	Cervidae	Rangifer
11	Animalia	Chordata	Mammalia	Artiodactyla	Bovidae	Bison
12	Animalia	Chordata	Mammalia	Artiodactyla	Bovidae	Bos
14	Animalia	Chordata	Mammalia	Carnivora	Ursidae	Ursus
15	Animalia	Chordata	Mammalia	Carnivora	Mustelidae	Meles
16	Animalia	Chordata	Mammalia	Carnivora	Mustelidae	Lutra
17	Animalia	Chordata	Mammalia	Carnivora	Mustelidae	Martes
18	Animalia	Chordata	Mammalia	Carnivora	Mustelidae	Martes
19	Animalia	Chordata	Mammalia	Carnivora	Mustelidae	Martes
20	Animalia	Chordata	Mammalia	Carnivora	Mustelidae	Mustela
21	Animalia	Chordata	Mammalia	Carnivora	Mustelidae	Mustela
22	Animalia	Chordata	Mammalia	Carnivora	Mustelidae	
24	Animalia	Chordata	Mammalia	Carnivora	Felidae	Felis
25	Animalia	Chordata	Mammalia	Carnivora	Felidae	Lynx
26	Animalia	Chordata	Mammalia	Carnivora	Canidae	Vulpes
27	Animalia	Chordata	Mammalia	Carnivora	Canidae	Canis
28	Animalia	Chordata	Mammalia	Insectivora	Talpidae	Talpa
29	Animalia	Chordata	Mammalia	Insectivora	Erinaceidae	Erinaceus
30	Animalia	Chordata	Mammalia	Rodentia	Sciuridae	Sciurus
31	Animalia	Chordata	Mammalia	Rodentia	Castoridae	Castor
32	Animalia	Chordata	Mammalia	Lagomorpha	Leporidae	Oryctolagus
33	Animalia	Chordata	Mammalia	Lagomorpha	Leporidae	Lepus
34	Animalia	Chordata	Mammalia	Lagomorpha	Leporidae	
35	Animalia	Chordata	Mammalia	Carnivora	Phocidae	Phoca
36	Animalia	Chordata	Mammalia	Carnivora	Phocidae	Pusa
37	Animalia	Chordata	Mammalia	Carnivora	Phocidae	Halichoerus
38	Animalia	Chordata	Mammalia	Cetacea	Delphinidae	Tursiops
39	Animalia	Chordata	Mammalia	Cetacea	Phocoenidae	Phocoena
40	Animalia	Chordata	Mammalia	Cetacea	Physeteridae	Physeter
41	Animalia	Chordata	Mammalia	Cetacea	Balaenopteridae	Balaenoptera
42	Animalia	Chordata	Mammalia	Cetacea	Balaenopteridae	Balaenoptera
43	Animalia	Chordata	Mammalia	Cetacea	Balaenopteridae	Megaptera
44	Animalia	Chordata	Mammalia	Cetacea	Balaenidae	Eubalaena
45	Animalia	Chordata	Mammalia	Cetacea	Balaenidae	Balaena
46	Animalia	Chordata	Mammalia	Cetacea		
47	Animalia	Chordata	Mammalia	Insectivora	Soricidae	Sorex
48	Animalia	Chordata	Mammalia	Insectivora	Soricidae	Sorex
49	Animalia	Chordata	Mammalia	Insectivora	Soricidae	Neomys
50	Animalia	Chordata	Mammalia	Insectivora	Soricidae	Crocidura
51	Animalia	Chordata	Mammalia	Insectivora	Soricidae	Crocidura
52	Animalia	Chordata	Mammalia	Rodentia	Gliridae	Eliomys
53	Animalia	Chordata	Mammalia	Rodentia	Gliridae	Muscardinus
54	Animalia	Chordata	Mammalia	Rodentia	Cricetidae	Cricetus
55	Animalia	Chordata	Mammalia	Rodentia	Arvicolidae	Clethrionomys
56	Animalia	Chordata	Mammalia	Rodentia	Arvicolidae	Microtus
57	Animalia	Chordata	Mammalia	Rodentia	Arvicolidae	Microtus
58	Animalia	Chordata	Mammalia	Rodentia	Arvicolidae	Microtus
59	Animalia	Chordata	Mammalia	Rodentia	Arvicolidae	Arvicola
60	Animalia	Chordata	Mammalia	Rodentia	Arvicolidae	Pitymys
61	Animalia	Chordata	Mammalia	Rodentia	Muridae	Apodemus
62	Animalia	Chordata	Mammalia	Rodentia	Muridae	Apodemus
63	Animalia	Chordata	Mammalia	Rodentia	Muridae	Micromys
64	Animalia	Chordata	Mammalia	Rodentia	Muridae	Rattus
65	Animalia	Chordata	Mammalia	Rodentia	Muridae	Rattus
66	Animalia	Chordata	Mammalia	Rodentia	Muridae	Mus
68	Animalia	Chordata	Mammalia	Chiroptera		
69	Animalia	Chordata	Mammalia	Primates	Hominidae	Homo
73	Animalia	Chordata	Mammalia			
75	Animalia	Chordata	Aves	Galliformes	Phasianidae	Gallus
76	Animalia	Chordata	Aves	Galliformes	Phasianidae	Pavo
77	Animalia	Chordata	Aves	Galliformes	Phasianidae	Meleagris
78	Animalia	Chordata	Aves	Anseriformes	Anatidae	Anser
79	Animalia	Chordata	Aves	Anseriformes	Anatidae	Anas
80	Animalia	Chordata	Aves	Columbiformes	Columbidae	Columba
85	Animalia	Chordata	Aves	Gaviiformes	Gaviidae	Gavia
86	Animalia	Chordata	Aves	Gaviiformes	Gaviidae	Gavia
87	Animalia	Chordata	Aves	Procellariiformes	Procellariidae	
88	Animalia	Chordata	Aves	Procellariiformes	Sulidae	Sula
89	Animalia	Chordata	Aves	Pelecaniformes	Pelecanidae	Pelecanus
90	Animalia	Chordata	Aves	Pelecaniformes	Phalacrocoracidae	Phalacrocorax
91	Animalia	Chordata	Aves	Ciconiiformes	Ardeidae	Botaurus
92	Animalia	Chordata	Aves	Ciconiiformes	Ardeidae	Egretta
93	Animalia	Chordata	Aves	Ciconiiformes	Ardeidae	Ardea
94	Animalia	Chordata	Aves	Ciconiiformes	Threskiornithidae	Platalea
95	Animalia	Chordata	Aves	Ciconiiformes	Ciconiidae	Ciconia
96	Animalia	Chordata	Aves	Ciconiiformes	Ciconiidae	Ciconia
97	Animalia	Chordata	Aves	Anseriformes	Anatidae	Cygnus
98	Animalia	Chordata	Aves	Anseriformes	Anatidae	Cygnus
100	Animalia	Chordata	Aves	Anseriformes	Anatidae	Cygnus
101	Animalia	Chordata	Aves	Anseriformes	Anatidae	Cygnus
102	Animalia	Chordata	Aves	Anseriformes	Anatidae	Anser
103	Animalia	Chordata	Aves	Anseriformes	Anatidae	Anser
104	Animalia	Chordata	Aves	Anseriformes	Anatidae	Anser
105	Animalia	Chordata	Aves	Anseriformes	Anatidae	Anser
106	Animalia	Chordata	Aves	Anseriformes	Anatidae	Anser
107	Animalia	Chordata	Aves	Anseriformes	Anatidae	Branta
108	Animalia	Chordata	Aves	Anseriformes	Anatidae	Branta
109	Animalia	Chordata	Aves	Anseriformes	Anatidae	Tadorna
110	Animalia	Chordata	Aves	Anseriformes	Anatidae	Anas
111	Animalia	Chordata	Aves	Anseriformes	Anatidae	Anas
112	Animalia	Chordata	Aves	Anseriformes	Anatidae	Anas
113	Animalia	Chordata	Aves	Anseriformes	Anatidae	Anas
115	Animalia	Chordata	Aves	Anseriformes	Anatidae	Anas
116	Animalia	Chordata	Aves	Anseriformes	Anatidae	Anas
117	Animalia	Chordata	Aves	Anseriformes	Anatidae	Anas
118	Animalia	Chordata	Aves	Anseriformes	Anatidae	Netta
119	Animalia	Chordata	Aves	Anseriformes	Anatidae	Aythya
120	Animalia	Chordata	Aves	Anseriformes	Anatidae	Aythya
122	Animalia	Chordata	Aves	Anseriformes	Anatidae	Aythya
123	Animalia	Chordata	Aves	Anseriformes	Anatidae	Aythya
124	Animalia	Chordata	Aves	Anseriformes	Anatidae	Somateria
125	Animalia	Chordata	Aves	Anseriformes	Anatidae	Clangula
126	Animalia	Chordata	Aves	Anseriformes	Anatidae	Melanitta
127	Animalia	Chordata	Aves	Anseriformes	Anatidae	Melanitta
128	Animalia	Chordata	Aves	Anseriformes	Anatidae	Bucephala
129	Animalia	Chordata	Aves	Anseriformes	Anatidae	Mergus
130	Animalia	Chordata	Aves	Anseriformes	Anatidae	Mergus
131	Animalia	Chordata	Aves	Anseriformes	Anatidae	
132	Animalia	Chordata	Aves	Falconiformes	Accipitridae	Haliaeetus
134	Animalia	Chordata	Aves	Falconiformes	Accipitridae	Aegypius
135	Animalia	Chordata	Aves	Falconiformes	Accipitridae	Accipiter
136	Animalia	Chordata	Aves	Falconiformes	Accipitridae	Accipiter
137	Animalia	Chordata	Aves	Falconiformes	Accipitridae	Buteo
138	Animalia	Chordata	Aves	Falconiformes	Accipitridae	
139	Animalia	Chordata	Aves	Falconiformes	Falconidae	Falco
140	Animalia	Chordata	Aves	Falconiformes	Falconidae	Falco
142	Animalia	Chordata	Aves	Falconiformes	Falconidae	Falco
143	Animalia	Chordata	Aves	Falconiformes	Falconidae	Falco
144	Animalia	Chordata	Aves	Galliformes	Phasianidae	Lyrurus
145	Animalia	Chordata	Aves	Galliformes	Phasianidae	Perdix
146	Animalia	Chordata	Aves	Galliformes	Phasianidae	Coturnix
147	Animalia	Chordata	Aves	Galliformes	Phasianidae	Fulica
148	Animalia	Chordata	Aves	Gruiformes	Gruidae	Grus
149	Animalia	Chordata	Aves	Charadriiformes	Haematopodidae	Haematopus
150	Animalia	Chordata	Aves	Charadriiformes	Charadriidae	Charadrius
151	Animalia	Chordata	Aves	Charadriiformes	Charadriidae	Pluvialis
152	Animalia	Chordata	Aves	Charadriiformes	Charadriidae	Pluvialis
153	Animalia	Chordata	Aves	Charadriiformes	Charadriidae	Vanellus
155	Animalia	Chordata	Aves	Charadriiformes	Scolopacidae	Calidris
156	Animalia	Chordata	Aves	Charadriiformes	Scolopacidae	Calidris
157	Animalia	Chordata	Aves	Charadriiformes	Scolopacidae	Calidris
158	Animalia	Chordata	Aves	Charadriiformes	Scolopacidae	Philomachus
159	Animalia	Chordata	Aves	Charadriiformes	Scolopacidae	Lymnocryptes
160	Animalia	Chordata	Aves	Charadriiformes	Scolopacidae	Gallinago
161	Animalia	Chordata	Aves	Charadriiformes	Scolopacidae	Gallinago
162	Animalia	Chordata	Aves	Charadriiformes	Scolopacidae	Scolopax
163	Animalia	Chordata	Aves	Charadriiformes	Scolopacidae	Limosa
164	Animalia	Chordata	Aves	Charadriiformes	Scolopacidae	Limosa
165	Animalia	Chordata	Aves	Charadriiformes	Scolopacidae	Limosa
166	Animalia	Chordata	Aves	Charadriiformes	Scolopacidae	Numenius
167	Animalia	Chordata	Aves	Charadriiformes	Scolopacidae	Tringa
168	Animalia	Chordata	Aves	Charadriiformes	Scolopacidae	Tringa
170	Animalia	Chordata	Aves	Charadriiformes	Laridae	Larus
171	Animalia	Chordata	Aves	Charadriiformes	Laridae	Larus
172	Animalia	Chordata	Aves	Charadriiformes	Laridae	Larus
173	Animalia	Chordata	Aves	Charadriiformes	Laridae	Larus
174	Animalia	Chordata	Aves	Charadriiformes	Laridae	Rissa
175	Animalia	Chordata	Aves	Charadriiformes	Sternidae	Sterna
176	Animalia	Chordata	Aves	Charadriiformes	Sternidae	Sterna
177	Animalia	Chordata	Aves	Charadriiformes	Alcidae	Uria
178	Animalia	Chordata	Aves	Charadriiformes	Alcidae	Pinguinus
179	Animalia	Chordata	Aves	Columbiformes	Columbidae	Columba
180	Animalia	Chordata	Aves	Columbiformes	Columbidae	Columba
181	Animalia	Chordata	Aves	Strigiformes	Strigidae	Bubo
182	Animalia	Chordata	Aves	Strigiformes	Strigidae	Athene
183	Animalia	Chordata	Aves	Strigiformes	Strigidae	Strix
184	Animalia	Chordata	Aves	Strigiformes	Strigidae	Asio
185	Animalia	Chordata	Aves	Strigiformes	Strigidae	Asio
186	Animalia	Chordata	Aves	Piciformes	Picidae	Dendrocopos
187	Animalia	Chordata	Aves	Passeriformes	Turdidae	Turdus
188	Animalia	Chordata	Aves	Passeriformes	Turdidae	Turdus
189	Animalia	Chordata	Aves	Passeriformes	Turdidae	Turdus
190	Animalia	Chordata	Aves	Passeriformes	Corvidae	Garrulus
191	Animalia	Chordata	Aves	Passeriformes	Corvidae	Pica
192	Animalia	Chordata	Aves	Passeriformes	Corvidae	Corvus
193	Animalia	Chordata	Aves	Passeriformes	Corvidae	Corvus
194	Animalia	Chordata	Aves	Passeriformes	Corvidae	Corvus
196	Animalia	Chordata	Aves	Passeriformes	Corvidae	Corvus
197	Animalia	Chordata	Aves	Passeriformes	Corvidae	Corvus
198	Animalia	Chordata	Aves	Passeriformes	Sturnidae	Sturnus
199	Animalia	Chordata	Aves	Passeriformes	Passeridae	Passer
200	Animalia	Chordata	Aves	Passeriformes	Fringillidae	
201	Animalia	Chordata	Aves	Passeriformes		
202	Animalia	Chordata	Aves			
204	Animalia	Chordata	Osteichthyes	Anguilliformes	Anguillidae	Anguilla
205	Animalia	Chordata	Osteichthyes	Cypriniformes	Cyprinidae	
206	Animalia	Chordata	Osteichthyes	Cypriniformes	Cyprinidae	Abramis
207	Animalia	Chordata	Osteichthyes	Cypriniformes	Cyprinidae	Abramis
209	Animalia	Chordata	Osteichthyes	Cypriniformes	Cyprinidae	Aspius
210	Animalia	Chordata	Osteichthyes	Cypriniformes	Cyprinidae	Alburnus
211	Animalia	Chordata	Osteichthyes	Cypriniformes	Cyprinidae	Barbus
212	Animalia	Chordata	Osteichthyes	Cypriniformes	Cyprinidae	Carassius
213	Animalia	Chordata	Osteichthyes	Cypriniformes	Cyprinidae	Ctenopharyngodon
214	Animalia	Chordata	Osteichthyes	Cypriniformes	Cyprinidae	Chondrostoma
215	Animalia	Chordata	Osteichthyes	Cypriniformes	Cyprinidae	Cyprinus
216	Animalia	Chordata	Osteichthyes	Cypriniformes	Cyprinidae	Gobio
217	Animalia	Chordata	Osteichthyes	Cypriniformes	Cyprinidae	Leucaspius
218	Animalia	Chordata	Osteichthyes	Cypriniformes	Cyprinidae	Leuciscus
219	Animalia	Chordata	Osteichthyes	Cypriniformes	Cyprinidae	Leuciscus
221	Animalia	Chordata	Osteichthyes	Cypriniformes	Cyprinidae	Leuciscus
222	Animalia	Chordata	Osteichthyes	Cypriniformes	Cyprinidae	Phoxinus
223	Animalia	Chordata	Osteichthyes	Cypriniformes	Cyprinidae	Rhodeus
224	Animalia	Chordata	Osteichthyes	Cypriniformes	Cyprinidae	Rutilus
225	Animalia	Chordata	Osteichthyes	Cypriniformes	Cyprinidae	Rutilus
226	Animalia	Chordata	Osteichthyes	Cypriniformes	Cyprinidae	Tinca
227	Animalia	Chordata	Osteichthyes	Cypriniformes	Cyprinidae	Cobitis
228	Animalia	Chordata	Osteichthyes	Cypriniformes	Cobitididae	Noemacheilus
229	Animalia	Chordata	Osteichthyes	Siluriformes	Siluridae	Silurus
230	Animalia	Chordata	Osteichthyes	Salmoniformes	Esocidae	Esox
231	Animalia	Chordata	Osteichthyes	Salmoniformes	Salmonidae	Thymallus
232	Animalia	Chordata	Osteichthyes	Gadiformes	Gadidae	Lota
233	Animalia	Chordata	Osteichthyes	Gasterosteiformes	Gasterosteidae	Gasterosteus
234	Animalia	Chordata	Osteichthyes	Gasterosteiformes	Gasterosteidae	Pungitius
235	Animalia	Chordata	Osteichthyes	Scorpaeniformes	Cottidae	Cottus
236	Animalia	Chordata	Osteichthyes	Perciformes	Percidae	Gymnocephalus
237	Animalia	Chordata	Osteichthyes	Perciformes	Percidae	Perca
238	Animalia	Chordata	Osteichthyes	Perciformes	Percidae	Stizostedion
239	Animalia	Chordata	Osteichthyes	Perciformes	Gobiidae	Pomatoschistus
240	Animalia	Chordata	Osteichthyes	Acipenseriformes	Acipenseridae	Acipenser
241	Animalia	Chordata	Osteichthyes	Clupeiformes	Clupeidae	Alosa
242	Animalia	Chordata	Osteichthyes	Clupeiformes	Clupeidae	Alosa
244	Animalia	Chordata	Osteichthyes	Salmoniformes	Osmeridae	Osmerus
245	Animalia	Chordata	Osteichthyes	Salmoniformes	Salmonidae	
246	Animalia	Chordata	Osteichthyes	Salmoniformes	Salmonidae	Coregonus
247	Animalia	Chordata	Osteichthyes	Salmoniformes	Salmonidae	Coregonus
248	Animalia	Chordata	Osteichthyes	Salmoniformes	Salmonidae	Salmo
249	Animalia	Chordata	Osteichthyes	Salmoniformes	Salmonidae	Salmo
251	Animalia	Chordata	Osteichthyes	Salmoniformes	Salmonidae	Salmo
252	Animalia	Chordata	Chondrichthyes	Selachii	Scyliorhinidae	Scyliorhinus
253	Animalia	Chordata	Chondrichthyes	Selachii	Triakidae	
254	Animalia	Chordata	Chondrichthyes	Selachii	Triakidae	Galeorhinus
255	Animalia	Chordata	Chondrichthyes	Selachii	Triakidae	Mustelus
256	Animalia	Chordata	Chondrichthyes	Selachii	Triakidae	Mustelus
257	Animalia	Chordata	Chondrichthyes	Selachii	Squalidae	Squalus
258	Animalia	Chordata	Chondrichthyes	Selachii	Squatinidae	Squatina
259	Animalia	Chordata	Chondrichthyes	Rajiformes	Rajidae	
260	Animalia	Chordata	Chondrichthyes	Rajiformes	Rajidae	Raja
261	Animalia	Chordata	Chondrichthyes	Rajiformes	Rajidae	Raja
262	Animalia	Chordata	Chondrichthyes	Rajiformes	Rajidae	Raja
263	Animalia	Chordata	Chondrichthyes	Rajiformes	Dasyatidae	Dasyatis
264	Animalia	Chordata	Osteichthyes	Anguilliformes	Congridae	Conger
265	Animalia	Chordata	Osteichthyes	Clupeiformes	Clupeidae	
266	Animalia	Chordata	Osteichthyes	Clupeiformes	Clupeidae	Clupea
267	Animalia	Chordata	Osteichthyes	Clupeiformes	Clupeidae	Sprattus
268	Animalia	Chordata	Osteichthyes	Clupeiformes	Clupeidae	Sardina
269	Animalia	Chordata	Osteichthyes	Clupeiformes	Clupeidae	Engraulis
270	Animalia	Chordata	Osteichthyes	Gadiformes	Gadidae	
271	Animalia	Chordata	Osteichthyes	Gadiformes	Gadidae	Gadus
272	Animalia	Chordata	Osteichthyes	Gadiformes	Gadidae	Merlangius
273	Animalia	Chordata	Osteichthyes	Gadiformes	Gadidae	Melanogrammus
274	Animalia	Chordata	Osteichthyes	Gadiformes	Gadidae	Pollachius
275	Animalia	Chordata	Osteichthyes	Gadiformes	Gadidae	Pollachius
276	Animalia	Chordata	Osteichthyes	Gadiformes	Gadidae	Trisopterus
277	Animalia	Chordata	Osteichthyes	Gadiformes	Gadidae	Trisopterus
278	Animalia	Chordata	Osteichthyes	Gadiformes	Gadidae	Ciliata
279	Animalia	Chordata	Osteichthyes	Gadiformes	Gadidae	Molva
280	Animalia	Chordata	Osteichthyes	Gadiformes	Merlucciidae	Merluccius
281	Animalia	Chordata	Osteichthyes	Batrachoidiformes	Lophiidae	Lophius
282	Animalia	Chordata	Osteichthyes	Cyprinodontiformes	Belonidae	Belone
283	Animalia	Chordata	Osteichthyes	Atheriniformes	Atherinidae	Atherina
284	Animalia	Chordata	Osteichthyes	Atheriniformes	Atherinidae	Atherina
285	Animalia	Chordata	Osteichthyes	Gasterosteiformes	Gasterosteidae	Spinachia
286	Animalia	Chordata	Osteichthyes	Syngnathiformes	Syngnathidae	Syngnathus
287	Animalia	Chordata	Osteichthyes	Scorpaeniformes	Triglidae	Eutrigla
288	Animalia	Chordata	Osteichthyes	Scorpaeniformes	Triglidae	Chelidonichthys
289	Animalia	Chordata	Osteichthyes	Scorpaeniformes	Triglidae	Trigloporus
290	Animalia	Chordata	Osteichthyes	Scorpaeniformes	Cottidae	Myoxocephalus
291	Animalia	Chordata	Osteichthyes	Scorpaeniformes	Cottidae	Enophrys
292	Animalia	Chordata	Osteichthyes	Scorpaeniformes	Agonidae	Agonus
293	Animalia	Chordata	Osteichthyes	Scorpaeniformes	Cyclopteridae	Cyclopterus
294	Animalia	Chordata	Osteichthyes	Perciformes	Percichtthidae	Dicentrarchus
295	Animalia	Chordata	Osteichthyes	Perciformes	Carangidae	Trachurus
296	Animalia	Chordata	Osteichthyes	Perciformes	Sparidae	Pagellus
297	Animalia	Chordata	Osteichthyes	Perciformes	Sparidae	Spondyliosoma
298	Animalia	Chordata	Osteichthyes	Perciformes	Sciaenidae	Argyrosomus
299	Animalia	Chordata	Osteichthyes	Pectiformes	Mullidae	Mullus
300	Animalia	Chordata	Osteichthyes	Perciformes	Mugilidae	
301	Animalia	Chordata	Osteichthyes	Perciformes	Mugilidae	Chelon
302	Animalia	Chordata	Osteichthyes	Perciformes	Mugilidae	Liza
303	Animalia	Chordata	Osteichthyes	Perciformes	Mugilidae	Liza
305	Animalia	Chordata	Osteichthyes	Perciformes	Zoarcidae	Zoarces
306	Animalia	Chordata	Osteichthyes	Perciformes	Anarhichadidae	Anarhichas
307	Animalia	Chordata	Osteichthyes	Perciformes	Trachnidae	Trachinus
308	Animalia	Chordata	Osteichthyes	Perciformes	Trachnidae	Echiichthys
309	Animalia	Chordata	Osteichthyes	Perciformes	Blenniidae	Lipophrys
310	Animalia	Chordata	Osteichthyes	Perciformes	Ammodytidae	Ammodytes
311	Animalia	Chordata	Osteichthyes	Perciformes	Ammodytidae	Ammodytes
312	Animalia	Chordata	Osteichthyes	Perciformes	Ammodytidae	Hyperoplus
313	Animalia	Chordata	Osteichthyes	Perciformes	Callionymidae	Callionymus
314	Animalia	Chordata	Osteichthyes	Perciformes	Gobiidae	Pomatoschistus
315	Animalia	Chordata	Osteichthyes	Perciformes	Scombridae	Scomber
316	Animalia	Chordata	Osteichthyes	Perciformes	Scombridae	Scomber
317	Animalia	Chordata	Osteichthyes	Perciformes	Scombridae	Thunnus
318	Animalia	Chordata	Osteichthyes	Pleuronectiformes	Bothidae	Scophthalmus
319	Animalia	Chordata	Osteichthyes	Pleuronectiformes	Bothidae	Scophthalmus
320	Animalia	Chordata	Osteichthyes	Pleuronectiformes	Pleuronectidae	
321	Animalia	Chordata	Osteichthyes	Pleuronectiformes	Pleuronectidae	Pleuronectes
322	Animalia	Chordata	Osteichthyes	Pleuronectiformes	Pleuronectidae	Limanda
323	Animalia	Chordata	Osteichthyes	Pleuronectiformes	Pleuronectidae	Platichthys
324	Animalia	Chordata	Osteichthyes	Pleuronectiformes	Pleuronectidae	Hippoglossus
325	Animalia	Chordata	Osteichthyes	Pleuronectiformes	Soleidae	Solea
326	Animalia	Chordata	Osteichthyes	Pleuronectiformes	Soleidae	Buglossidium
329	Animalia	Chordata	Reptilia	Testudines	Emydidae	Emys
330	Animalia	Chordata	Reptilia	Squamata	Anguidae	Anguis
331	Animalia	Chordata	Reptilia	Squamata	Lacertidae	Lacerta
332	Animalia	Chordata	Reptilia	Squamata	Lacertidae	Lacerta
333	Animalia	Chordata	Reptilia	Squamata	Lacertidae	Lacerta
334	Animalia	Chordata	Reptilia	Squamata	Colubridae	Coronella
335	Animalia	Chordata	Reptilia	Squamata	Colubridae	Natrix
336	Animalia	Chordata	Reptilia	Squamata	Viperidae	Vipera
338	Animalia	Chordata	Reptilia			
339	Animalia	Chordata	Amphibia	Caudata	Salamandridae	Triturus
340	Animalia	Chordata	Amphibia	Caudata	Salamandridae	Triturus
341	Animalia	Chordata	Amphibia	Caudata	Salamandridae	Triturus
342	Animalia	Chordata	Amphibia	Caudata	Salamandridae	Triturus
343	Animalia	Chordata	Amphibia	Caudata	Salamandridae	Salamandra
344	Animalia	Chordata	Amphibia	Anura	Discoglossidae	Bombina
345	Animalia	Chordata	Amphibia	Anura	Discoglossidae	Bombina
346	Animalia	Chordata	Amphibia	Anura	Pelobatidae	Pelobates
347	Animalia	Chordata	Amphibia	Anura	Bufonidae	Bufo
348	Animalia	Chordata	Amphibia	Anura	Bufonidae	Bufo
349	Animalia	Chordata	Amphibia	Anura	Bufonidae	Bufo
350	Animalia	Chordata	Amphibia	Anura	Hylidae	Hyla
351	Animalia	Chordata	Amphibia	Anura	Ranidae	Rana
352	Animalia	Chordata	Amphibia	Anura	Ranidae	Rana
353	Animalia	Chordata	Amphibia	Anura	Ranidae	Rana
354	Animalia	Chordata	Amphibia	Anura	Ranidae	Rana
355	Animalia	Chordata	Amphibia	Anura	Ranidae	Rana
356	Animalia	Chordata	Amphibia	Anura	Ranidae	
357	Animalia	Chordata	Amphibia	Anura		
359	Animalia	Chordata	Amphibia			
360	Animalia	Mollusca	Gastropoda	Neritaemorphi	Neritidae	Theodoxus
361	Animalia	Mollusca	Gastropoda	Architaenioglossa	Viviparidae	Viviparus
363	Animalia	Mollusca	Gastropoda	Architaenioglossa	Viviparidae	Viviparus
364	Animalia	Mollusca	Gastropoda	Ectobranchia	Valvatidae	Valvata
365	Animalia	Mollusca	Gastropoda	Pulmonata	Physidae	Aplexa
366	Animalia	Mollusca	Gastropoda	Pulmonata	Physidae	Physa
368	Animalia	Mollusca	Gastropoda	Pulmonata	Lymnaeidae	Radix
369	Animalia	Mollusca	Gastropoda	Pulmonata	Lymnaeidae	Lymnaea
370	Animalia	Mollusca	Gastropoda	Pulmonata	Lymnaeidae	Lymnaea
372	Animalia	Mollusca	Gastropoda	Ectobranchia	Valvatidae	Valvata
373	Animalia	Mollusca	Gastropoda	Ectobranchia	Valvatidae	Valvata
374	Animalia	Mollusca	Gastropoda	Neotaenioglossa	Assimineidae	Assiminea
375	Animalia	Mollusca	Gastropoda	Pulmonata	Planorbidae	Planorbis
377	Animalia	Mollusca	Gastropoda	Pulmonata	Planorbidae	Anisus
379	Animalia	Mollusca	Gastropoda	Pulmonata	Planorbidae	Bathyomphalus
380	Animalia	Mollusca	Gastropoda	Pulmonata	Planorbidae	Gyraulus
383	Animalia	Mollusca	Gastropoda	Pulmonata	Planorbidae	Anisus
384	Animalia	Mollusca	Gastropoda	Pulmonata	Acroloxidae	Acroloxus
385	Animalia	Mollusca	Bivalvia	Unionoida	Unionidae	Unio
386	Animalia	Mollusca	Bivalvia	Unionoida	Unionidae	Unio
387	Animalia	Mollusca	Bivalvia	Unionoida	Unionidae	Unio
388	Animalia	Mollusca	Bivalvia	Unionoida	Unionidae	Unio
389	Animalia	Mollusca	Bivalvia	Unionoida	Unionidae	Anodonta
390	Animalia	Mollusca	Bivalvia	Veneroida	Sphaeriidae	Pisidium
391	Animalia	Mollusca	Bivalvia	Veneroida	Sphaeriidae	Pisidium
392	Animalia	Mollusca	Bivalvia	Veneroida	Sphaeriidae	Pisidium
393	Animalia	Mollusca	Bivalvia	Veneroida	Sphaeriidae	Pisidium
394	Animalia	Mollusca	Bivalvia	Veneroida	Sphaeriidae	Pisidium
395	Animalia	Mollusca	Bivalvia	Veneroida	Sphaeriidae	Sphaerium
396	Animalia	Mollusca	Bivalvia	Veneroida	Sphaeriidae	Sphaerium
398	Animalia	Mollusca	Bivalvia	Veneroida	Sphaeriidae	Sphaerium
399	Animalia	Mollusca	Bivalvia	Veneroida	Dreissenidae	Dreissena
401	Animalia	Mollusca	Gastropoda	Basommatophora	Ellobiidae	Carychium
402	Animalia	Mollusca	Gastropoda	Stylommatophora	Succineidae	Succinea
404	Animalia	Mollusca	Gastropoda	Stylommatophora	Succineidae	Succinea
405	Animalia	Mollusca	Gastropoda	Stylommatophora	Succineidae	Succinea
406	Animalia	Mollusca	Gastropoda	Stylommatophora	Cochlicopidae	Cochlicopa
407	Animalia	Mollusca	Gastropoda	Stylommatophora	Pupillidae	Pupilla
408	Animalia	Mollusca	Gastropoda	Stylommatophora	Pupillidae	Lauria
409	Animalia	Mollusca	Gastropoda	Stylommatophora	Valloniidae	Vallonia
410	Animalia	Mollusca	Gastropoda	Stylommatophora	Valloniidae	Vallonia
411	Animalia	Mollusca	Gastropoda	Stylommatophora	Valloniidae	Vallonia
412	Animalia	Mollusca	Gastropoda	Stylommatophora	Enidae	Ena
413	Animalia	Mollusca	Gastropoda	Stylommatophora	Clausiliidae	Clausilia
414	Animalia	Mollusca	Gastropoda	Stylommatophora	Clausiliidae	Clausilia
415	Animalia	Mollusca	Gastropoda	Stylommatophora	Clausiliidae	Clausilia
416	Animalia	Mollusca	Gastropoda	Stylommatophora	Clausiliidae	Clausilia
417	Animalia	Mollusca	Gastropoda	Stylommatophora	Clausiliidae	Clausilia
418	Animalia	Mollusca	Gastropoda	Stylommatophora	Clausiliidae	Balea
419	Animalia	Mollusca	Gastropoda	Stylommatophora	Clausiliidae	Cochlodina
420	Animalia	Mollusca	Gastropoda	Stylommatophora	Punctidae	Punctum
421	Animalia	Mollusca	Gastropoda	Stylommatophora	Endodontidae	Discus
422	Animalia	Mollusca	Gastropoda	Stylommatophora	Zonitidae	Vitrea
424	Animalia	Mollusca	Gastropoda	Stylommatophora	Zonitidae	Nesovitrea
425	Animalia	Mollusca	Gastropoda	Stylommatophora	Zonitidae	
426	Animalia	Mollusca	Gastropoda	Stylommatophora	Zonitidae	Oxychilus
427	Animalia	Mollusca	Gastropoda	Stylommatophora	Zonitidae	Oxychilus
428	Animalia	Mollusca	Gastropoda	Stylommatophora	Zonitidae	Oxychilus
429	Animalia	Mollusca	Gastropoda	Stylommatophora	Zonitidae	Oxychilus
430	Animalia	Mollusca	Gastropoda	Stylommatophora	Zonitidae	Oxychilus
431	Animalia	Mollusca	Gastropoda	Stylommatophora	Zonitidae	Zonitoides
432	Animalia	Mollusca	Gastropoda	Stylommatophora	Zonitidae	Zonitoides
433	Animalia	Mollusca	Gastropoda	Stylommatophora	Zonitidae	Zonitoides
434	Animalia	Mollusca	Gastropoda	Stylommatophora	Helicidae	Helicella
435	Animalia	Mollusca	Gastropoda	Stylommatophora	Helicidae	Helicella
437	Animalia	Mollusca	Gastropoda	Stylommatophora	Helicidae	Helicella
438	Animalia	Mollusca	Gastropoda	Stylommatophora	Helicidae	Helicella
439	Animalia	Mollusca	Gastropoda	Stylommatophora	Helicidae	Perforatella
440	Animalia	Mollusca	Gastropoda	Stylommatophora	Helicidae	Trichia
441	Animalia	Mollusca	Gastropoda	Stylommatophora	Helicidae	Helicigona
443	Animalia	Mollusca	Gastropoda	Stylommatophora	Helicidae	Helicigona
444	Animalia	Mollusca	Gastropoda	Stylommatophora	Helicidae	Cepaea
445	Animalia	Mollusca	Gastropoda	Stylommatophora	Helicidae	Cepaea
446	Animalia	Mollusca	Gastropoda	Stylommatophora	Helicidae	Cepaea
447	Animalia	Mollusca	Gastropoda	Stylommatophora	Helicidae	Helix
448	Animalia	Mollusca	Gastropoda	Stylommatophora	Helicidae	Helix
449	Animalia	Mollusca	Gastropoda	Stylommatophora	Helicidae	Helix
450	Animalia	Mollusca	Bivalvia	Arcoida	Glycymerididae	Glycymeris
451	Animalia	Mollusca	Bivalvia	Mytiloida	Mytilidae	Modiolus
452	Animalia	Mollusca	Bivalvia	Mytiloida	Mytilidae	Mytilus
453	Animalia	Mollusca	Bivalvia	Pterioida	Pectinidae	Pecten
454	Animalia	Mollusca	Bivalvia	Pterioida	Pectinidae	Pecten
455	Animalia	Mollusca	Bivalvia	Pterioida	Pectinidae	Chlamys
456	Animalia	Mollusca	Bivalvia	Pterioida	Pectinidae	Chlamys
457	Animalia	Mollusca	Bivalvia	Pterioida	Pectinidae	
458	Animalia	Mollusca	Bivalvia	Pterioida	Limidae	Lima
459	Animalia	Mollusca	Bivalvia	Pterioida	Anomiidae	Anomia
460	Animalia	Mollusca	Bivalvia	Pterioida	Ostreidae	Ostrea
461	Animalia	Mollusca	Bivalvia	Pterioida	Ostreidae	Crassostrea
462	Animalia	Mollusca	Bivalvia	Veneroida	Astartidae	Astarte
463	Animalia	Mollusca	Bivalvia	Veneroida	Arcticidae	Arctica
464	Animalia	Mollusca	Bivalvia	Veneroida	Lucinidae	Lucinella
465	Animalia	Mollusca	Bivalvia	Veneroida	Erycinidae	Lasaea
466	Animalia	Mollusca	Bivalvia	Veneroida	Montacutidae	Mysella
467	Animalia	Mollusca	Bivalvia	Veneroida	Cardiidae	Laevicardium
468	Animalia	Mollusca	Bivalvia	Veneroida	Cardiidae	Cerastoderma
469	Animalia	Mollusca	Bivalvia	Veneroida	Cardiidae	Acanthocardia
470	Animalia	Mollusca	Bivalvia	Veneroida	Cardiidae	Cerastoderma
471	Animalia	Mollusca	Bivalvia	Veneroida	Veneridae	Dosinia
472	Animalia	Mollusca	Bivalvia	Veneroida	Veneridae	Venus
473	Animalia	Mollusca	Bivalvia	Veneroida	Veneridae	Mercenaria
474	Animalia	Mollusca	Bivalvia	Veneroida	Veneridae	Chamelea
475	Animalia	Mollusca	Bivalvia	Veneroida	Mactridae	Spisula
476	Animalia	Mollusca	Bivalvia	Veneroida	Mactridae	Mactra
477	Animalia	Mollusca	Bivalvia	Veneroida	Mactridae	Lutraria
478	Animalia	Mollusca	Bivalvia	Veneroida	Donacidae	Donax
479	Animalia	Mollusca	Bivalvia	Veneroida	Veneridae	Venus
480	Animalia	Mollusca	Bivalvia	Veneroida	Veneridae	Venerupis
481	Animalia	Mollusca	Bivalvia	Petricolidae	Petricolidae	Petricola
482	Animalia	Mollusca	Bivalvia	Veneroida	Mactridae	Spisula
483	Animalia	Mollusca	Bivalvia	Veneroida	Mactridae	Spisula
484	Animalia	Mollusca	Bivalvia	Veneroida	Mactridae	Spisula
485	Animalia	Mollusca	Bivalvia	Veneroida	Psammobiidae	Gari
486	Animalia	Mollusca	Bivalvia	Veneroida	Semelidae	Abra
487	Animalia	Mollusca	Bivalvia	Veneroida	Scobiculariidae	Scrobicularia
488	Animalia	Mollusca	Bivalvia	Veneroida	Tellinidae	Macoma
489	Animalia	Mollusca	Bivalvia	Veneroida	Tellinidae	Tellina
490	Animalia	Mollusca	Bivalvia	Veneroida	Tellinidae	Tellina
491	Animalia	Mollusca	Bivalvia	Veneroida	Tellinidae	Tellina
492	Animalia	Mollusca	Bivalvia	Veneroida	Pharidae	Ensis
493	Animalia	Mollusca	Bivalvia	Veneroida	Pharidae	Ensis
494	Animalia	Mollusca	Bivalvia	Veneroida	Pharidae	Ensis
495	Animalia	Mollusca	Bivalvia	Veneroida	Pharidae	Ensis
496	Animalia	Mollusca	Bivalvia	Myoida	Hiatellidae	Hiatella
497	Animalia	Mollusca	Bivalvia	Myoida	Myidae	Sphenia
498	Animalia	Mollusca	Bivalvia	Myoida	Myidae	Mya
499	Animalia	Mollusca	Bivalvia	Myoida	Myidae	Mya
500	Animalia	Mollusca	Bivalvia	Myoida	Myidae	Mya
501	Animalia	Mollusca	Bivalvia	Myoida	Pholadidae	Barnea
502	Animalia	Mollusca	Bivalvia	Myoida	Pholadidae	Zirfaea
503	Animalia	Mollusca	Bivalvia	Myoida	Pholadidae	Pholas
504	Animalia	Mollusca	Bivalvia	Myoida	Teredinidae	Teredo
505	Animalia	Mollusca	Bivalvia	Pholadomyoida	Thraciidae	Thracia
506	Animalia	Mollusca	Gastropoda	Archaeogastropoda	Patellidae	Patella
507	Animalia	Mollusca	Gastropoda	Archaeogastropoda	Patellidae	Patella
508	Animalia	Mollusca	Gastropoda	Archaeogastropoda	Patellidae	Patella
509	Animalia	Mollusca	Gastropoda	Archaeogastropoda	Patellidae	Patella
510	Animalia	Mollusca	Gastropoda	Archaeogastropoda	Trochidae	Calliostoma
511	Animalia	Mollusca	Gastropoda	Archaeogastropoda	Trochidae	Jujubinus
512	Animalia	Mollusca	Gastropoda	Archaeogastropoda	Trochidae	Gibbula
513	Animalia	Mollusca	Gastropoda	Archaeogastropoda	Trochidae	Gibbula
514	Animalia	Mollusca	Gastropoda	Archaeogastropoda	Trochidae	Gibbula
515	Animalia	Mollusca	Gastropoda	Archaeogastropoda	Trochidae	Gibbula
516	Animalia	Mollusca	Gastropoda	Archaeogastropoda	Trochidae	Gibbula
517	Animalia	Mollusca	Gastropoda	Archaeogastropoda	Trochidae	Gibbula
518	Animalia	Mollusca	Gastropoda	Mesogastropoda	Littorinidae	Littorina
519	Animalia	Mollusca	Gastropoda	Mesogastropoda	Littorinidae	Littorina
520	Animalia	Mollusca	Gastropoda	Mesogastropoda	Littorinidae	Littorina
521	Animalia	Mollusca	Gastropoda	Mesogastropoda	Littorinidae	Littorina
522	Animalia	Mollusca	Gastropoda	Mesogastropoda	Hydrobiidae	Hydrobia
524	Animalia	Mollusca	Gastropoda	Mesogastropoda	Hydrobiidae	Hydroba
525	Animalia	Mollusca	Gastropoda	Mesogastropoda	Rissoidae	Rissoa
526	Animalia	Mollusca	Gastropoda	Mesogastropoda	Rissoellidae	Rissoella
527	Animalia	Mollusca	Gastropoda	Mesogastropoda	Turritellidae	Turritella
528	Animalia	Mollusca	Gastropoda	Mesogastropoda	Cerithiidae	Bittium
529	Animalia	Mollusca	Gastropoda	Heterogastropoda	Epitoniidae	Epitonium
530	Animalia	Mollusca	Gastropoda	Mesogastropoda	Calyptraeidae	Calyptraea
531	Animalia	Mollusca	Gastropoda	Mesogastropoda	Calyptraeidae	Crepidula
532	Animalia	Mollusca	Gastropoda	Mesogastropoda	Aporrhaidae	Aporrhais
533	Animalia	Mollusca	Gastropoda	Mesogastropoda	Naticidae	Euspira
534	Animalia	Mollusca	Gastropoda	Mesogastropoda	Naticidae	Euspira
535	Animalia	Mollusca	Gastropoda	Mesogastropoda	Naticidae	Policines
536	Animalia	Mollusca	Gastropoda	Mesogastropoda	Lamellariidae	Velutina
537	Animalia	Mollusca	Gastropoda	Mesogastropoda	Triviidae	Trivia
538	Animalia	Mollusca	Gastropoda	Mesogastropoda	Triviidae	Trivia
539	Animalia	Mollusca	Gastropoda	Mesogastropoda	Trividae	Trivia
540	Animalia	Mollusca	Gastropoda	Neogastropoda	Thaididae	Thais
541	Animalia	Mollusca	Gastropoda	Neogastropoda	Muricidae	Ocenebra
542	Animalia	Mollusca	Gastropoda	Neogastropoda	Buccinidae	Colus
543	Animalia	Mollusca	Gastropoda	Neogastropoda	Buccinidae	Neptunea
544	Animalia	Mollusca	Gastropoda	Neogastropoda	Buccinidae	Buccinum
545	Animalia	Mollusca	Gastropoda	Neogastropoda	Nassariidae	Nassarius
546	Animalia	Mollusca	Gastropoda	Neogastropoda	Nassariidae	Nassarius
547	Animalia	Mollusca	Gastropoda	Neogastropoda	Nassariidae	Nassarius
548	Animalia	Mollusca	Gastropoda	Neogastropoda	Nassariidae	Nassarius
549	Animalia	Mollusca	Gastropoda	Neogastropoda	Turridae	Oenopota
550	Animalia	Mollusca	Gastropoda	Bullomorpha	Acteonidae	Acteon
551	Animalia	Mollusca	Gastropoda		Pyramidellidae	Brachystomia
552	Animalia	Mollusca	Scaphopoda	Dentaliida	Dentaliidae	Dentalium
553	Animalia	Mollusca	Scaphopoda	Dentaliida	Dentaliidae	Dentalium
554	Animalia	Mollusca	Scaphopoda	Dentaliida	Dentaliidae	Dentalium
559	Animalia	Mollusca				
560	Animalia	Arthropoda	Insecta			
561	Animalia	Arthropoda	Acari			
562	Animalia	Arthropoda				
564	Animalia	Chordata	Aves	Galliformes	Phasianidae	Phasianus
565	Animalia	Chordata	Aves	Charadriiformes	Recurvirostridae	Recurvirostra
566	Animalia	Chordata	Aves	Passeriformes	Turdidae	Turdus
567	Animalia	Chordata	Aves	Charadriiformes	Alcidae	Alca
568	Animalia	Chordata	Osteichthyes	Salmoniformes	Salmonidae	Coregonus
569	Animalia	Chordata	Aves	Strigiformes	Strigidae	Tyto
570	Animalia	Chordata	Osteichthyes	Scorpaeniformes	Triglidae	
572	Animalia	Chordata	Osteichthyes	Perciformes	Percidae	
573	Animalia	Chordata	Aves	Galliformes	Phasianidae	Gallinula
574	Animalia	Chordata	Mammalia	Artiodactyla	Bovidae	Bos
576	Animalia	Chordata	Mammalia	Artiodactyla	Bovidae	Ovis
577	Animalia	Chordata	Mammalia	Artiodactyla	Bovidae	Capra
578	Animalia	Chordata	Mammalia	Artiodactyla	Suidae	Sus
579	Animalia	Chordata	Mammalia	Perissodactyla	Equidae	Equus
580	Animalia	Chordata	Osteichthyes	Gadiformes	Gadidae	Brosme
582	Animalia	Chordata	Amphibia	Anura	Bufonidae	Bufo
583	Animalia	Chordata	Amphibia	Anura	Ranidae	Rana
584	Animalia	Chordata	Aves	Anseriformes	Anatidae	Mergus
586	Animalia	Chordata	Mammalia	Artiodactyla	Camelidae	Camelus
587	Animalia	Chordata	Mammalia	Artiodactyla	Camelidae	Camelus
592	Animalia	Chordata	Mammalia	Artiodactyla	Bovidae	Ovis
593	Animalia	Chordata	Mammalia	Perissodactyla	Equidae	Equus
596	Animalia	Chordata	Mammalia	Artiodactyla	Cervidae	
597	Animalia	Chordata	Mammalia	Insectivora	Soricidae	
598	Animalia	Chordata	Mammalia	Rodentia	Arvicolidae	Arvicola
599	Animalia	Chordata	Mammalia	Rodentia	Arvicolidae	Arvicola
601	Animalia	Chordata	Mammalia	Rodentia	Gliridae	
603	Animalia	Chordata	Mammalia	Rodentia	Muridae	
604	Animalia	Chordata	Mammalia	Rodentia	Muridae	Rattus
605	Animalia	Chordata	Mammalia	Insectivora	Soricidae	Sorex
606	Animalia	Chordata	Mammalia	Lagomorpha	Leporidae	Lepus
607	Animalia	Chordata	Mammalia	Lagomorpha	Leporidae	Lepus
608	Animalia	Chordata	Mammalia	Carnivora	Ursidae	Ursus
609	Animalia	Chordata	Mammalia	Proboscidea	Elephantidae	Loxodonta
610	Animalia	Chordata	Mammalia	Cetacea	Delphinidae	Delphinus
611	Animalia	Chordata	Mammalia	Cetacea	Delphinidae	Lagenorhynchus
612	Animalia	Chordata	Mammalia	Cetacea	Delphinidae	Globicephala
613	Animalia	Chordata	Mammalia	Primates	Cercopithecidae	Cercopithecus
614	Animalia	Chordata	Mammalia	Carnivora	Felidae	Panthera
615	Animalia	Chordata	Mammalia	Primates	Cebidae	Cebus
616	Animalia	Chordata	Mammalia	Rodentia	Arvicolidae	Microtus
617	Animalia	Chordata	Mammalia	Rodentia		
618	Animalia	Chordata	Mammalia	Rodentia	Muridae	Apodemus
620	Animalia	Chordata	Mammalia	Cetacea	Balaenopteridae	Balaenoptera
621	Animalia	Chordata	Mammalia	Carnivora	Phocidae	
622	Animalia	Chordata	Aves	Strigiformes	Strigidae	Buteo
623	Animalia	Chordata	Aves	Strigiformes	Strigidae	Buteo
624	Animalia	Chordata	Aves	Anseriformes	Anatidae	
625	Animalia	Chordata	Aves	Anseriformes	Anatidae	Anas
627	Animalia	Chordata	Aves	Anseriformes	Anatidae	
628	Animalia	Chordata	Aves	Anseriformes	Anatidae	Branta
629	Animalia	Chordata	Aves	Ciconiiformes	Ardeidae	
630	Animalia	Chordata	Aves	Ciconiiformes	Ardeidae	Ardea
632	Animalia	Chordata	Aves	Phoenicopteriformes	Phoenicopteridae	Phoenicopterus
633	Animalia	Chordata	Aves	Passeriformes	Motacillidae	Motacilla
634	Animalia	Chordata	Aves	Anseriformes	Anatidae	Mergus
635	Animalia	Chordata	Aves	Passeriformes	Paridae	Parus
636	Animalia	Chordata	Aves	Galliformes		
637	Animalia	Chordata	Aves	Podicipediformes	Podicipedidae	Tachybaptus
638	Animalia	Chordata	Aves	Podicipediformes	Podicipedidae	Podiceps
639	Animalia	Chordata	Aves	Passeriformes	Alaudidae	Alauda
640	Animalia	Chordata	Aves	Gruiformes	Rallidae	Rallus
641	Animalia	Chordata	Aves	Gruiformes	Rallidae	
642	Animalia	Chordata	Aves	Passeriformes	Turdidae	Erithacus
643	Animalia	Chordata	Aves	Strigiformes		
644	Animalia	Chordata	Aves	Apodiformes	Apodidae	Apus
645	Animalia	Chordata	Aves	Charadriiformes	Charadriidae	
646	Animalia	Chordata	Aves	Anseriformes	Anatidae	Melanitta
648	Animalia	Chordata	Aves	Ciconiiformes	Ardeidae	Nycticorax
649	Animalia	Chordata	Aves	Falconiformes	Accipitridae	Gyps
650	Animalia	Chordata	Aves	Gaviiformes	Gaviidae	Gavia
651	Animalia	Chordata	Aves	Charadriiformes	Laridae	Sterna
652	Animalia	Chordata	Aves	Podicipediformes	Procellariidae	Fulmarus
653	Animalia	Chordata	Aves	Procellariiformes	Procellariidae	Pterodroma
654	Animalia	Chordata	Aves	Passeriformes	Paridae	
655	Animalia	Chordata	Aves	Gruiformes	Otididae	Otis
656	Animalia	Chordata	Aves	Passeriformes	Fringillidae	Carduelis
657	Animalia	Chordata	Aves	Charadriiformes	Scolopacidae	
658	Animalia	Chordata	Aves	Charadriiformes	Charadriidae	Charadrius
659	Animalia	Chordata	Aves	Charadriiformes	Charadriidae	Charadrius
660	Animalia	Chordata	Aves	Charadriiformes	Recurvirostridae	
661	Animalia	Chordata	Aves	Falconiformes	Accipitridae	Circus
662	Animalia	Chordata	Aves	Falconiformes	Accipitridae	Circus
663	Animalia	Chordata	Aves	Passeriformes	Corvidae	
664	Animalia	Chordata	Aves	Passeriformes	Fringillidae	Carduelis
665	Animalia	Chordata	Aves	Passeriformes	Fringillidae	Fringilla
666	Animalia	Chordata	Aves	Passeriformes	Fringillidae	Pyrrhula
667	Animalia	Chordata	Aves	Charadriiformes	Laridae	Larus
668	Animalia	Chordata	Aves	Charadriiformes	Scolopacidae	Numenius
669	Animalia	Chordata	Aves	Charadriiformes	Scolopacidae	Numenius
671	Animalia	Chordata	Aves	Passeriformes	Passeridae	Passer
672	Animalia	Chordata	Aves	Passeriformes	Passeridae	Passer
673	Animalia	Chordata	Aves	Apodiformes	Apodidae	Apus
674	Animalia	Chordata	Aves	Passeriformes	Emberizidae	Emberiza
675	Animalia	Chordata	Aves	Passeriformes	Muscicapidae	Sylvia
676	Animalia	Chordata	Aves	Passeriformes	Turdidae	Turdus
677	Animalia	Arthropoda	Acari	Oribatida		
678	Animalia	Arthropoda	Acari	Oribatida	Phthiracaridae	Atropacarus
679	Animalia	Arthropoda	Acari	Oribatida	Euphthiracaridae	Rhysotritia
680	Animalia	Arthropoda	Acari	Oribatida	Euphthiracaridae	Rhysotritia
681	Animalia	Arthropoda	Acari	Oribatida	Hypochtoniidae	Hypochtonius
683	Animalia	Arthropoda	Acari	Oribatida	Camisiidae	Platynothrus
684	Animalia	Arthropoda	Acari	Oribatida	Malaconothridae	
685	Animalia	Arthropoda	Acari	Oribatida	Malaconothridae	Trimalaconothrus
687	Animalia	Arthropoda	Acari	Oribatida	Nanhermanniidae	
688	Animalia	Arthropoda	Acari	Oribatida	Nanhermanniidae	Nanhermannia
689	Animalia	Arthropoda	Acari	Oribatida	Hermanniidae	Hermannia
690	Animalia	Arthropoda	Acari	Oribatida	Hermanniidae	Hermannia
691	Animalia	Arthropoda	Acari	Oribatida	Liodidae	Poroliodes
692	Animalia	Arthropoda	Acari	Oribatida	Damaeidae	Paradamaeus
693	Animalia	Arthropoda	Acari	Oribatida	Damaeidae	Spatiodamaeus
694	Animalia	Arthropoda	Acari	Oribatida	Damaeidae	Epidamaeus
695	Animalia	Arthropoda	Acari	Oribatida	Damaeidae	Epidamaeus
696	Animalia	Arthropoda	Acari	Oribatida	Damaeidae	Hypodamaeus
697	Animalia	Arthropoda	Acari	Oribatida	Belbidae	Metabelba
698	Animalia	Arthropoda	Acari	Oribatida	Cepheidae	Cepheus
699	Animalia	Arthropoda	Acari	Oribatida	Cepheidae	Cepheus
700	Animalia	Arthropoda	Acari	Oribatida	Ctenobelbidae	Ctenobelba
701	Animalia	Arthropoda	Acari	Oribatida	Eremaeidae	Eueremaeus
702	Animalia	Arthropoda	Acari	Oribatida	Liacaridae	
703	Animalia	Arthropoda	Acari	Oribatida	Liacaridae	Liacarus
704	Animalia	Arthropoda	Acari	Oribatida	Astegistidae	Astegistes
705	Animalia	Arthropoda	Acari	Oribatida	Carabodidae	
706	Animalia	Arthropoda	Acari	Oribatida	Carabodidae	Carabodes
707	Animalia	Arthropoda	Acari	Oribatida	Carabodidae	Carabodes
708	Animalia	Arthropoda	Acari	Oribatida	Carabodidae	Carabodes
709	Animalia	Arthropoda	Acari	Oribatida	Carabodidae	Carabodes
710	Animalia	Arthropoda	Acari	Oribatida	Tectocepheidae	
711	Animalia	Arthropoda	Acari	Oribatida	Tectocepheidae	Tectocepheus
712	Animalia	Arthropoda	Acari	Oribatida	Tectocepheidae	Tectocepheus
713	Animalia	Arthropoda	Acari	Oribatida	Tectocepheidae	Tectocepheus
714	Animalia	Arthropoda	Acari	Oribatida	Oppiidae	
715	Animalia	Arthropoda	Acari	Oribatida	Oppiidae	Quadroppia
716	Animalia	Arthropoda	Acari	Oribatida	Oppiidae	Oppiella
717	Animalia	Arthropoda	Acari	Oribatida	Oppiidae	Lauroppia
718	Animalia	Arthropoda	Acari	Oribatida	Oppiidae	Dissorhina
719	Animalia	Arthropoda	Acari	Oribatida	Oppiidae	Moritzoppia
720	Animalia	Arthropoda	Acari	Oribatida	Oppiidae	Berniniella
721	Animalia	Arthropoda	Acari	Oribatida	Oppiidae	Medioppia
722	Animalia	Arthropoda	Acari	Oribatida	Oppiidae	Microppia
723	Animalia	Arthropoda	Acari	Oribatida	Oppiidae	Oppia
724	Animalia	Arthropoda	Acari	Oribatida	Oppiidae	Ramusella
725	Animalia	Arthropoda	Acari	Oribatida	Suctobelbidae	
726	Animalia	Arthropoda	Acari	Oribatida	Suctobelbidae	Suctobelbella
727	Animalia	Arthropoda	Acari	Oribatida	Suctobelbidae	Suctobelbella
728	Animalia	Arthropoda	Acari	Oribatida	Suctobelbidae	Suctobelbella
729	Animalia	Arthropoda	Acari	Oribatida	Suctobelbidae	Suctobelbella
730	Animalia	Arthropoda	Acari	Oribatida	Suctobelbidae	Suctobelbella
731	Animalia	Arthropoda	Acari	Oribatida	Suctobelbidae	Suctobelbella
732	Animalia	Arthropoda	Acari	Oribatida	Autognetidae	Autogneta
733	Animalia	Arthropoda	Acari	Oribatida	Autognetidae	Autogneta
734	Animalia	Arthropoda	Acari	Oribatida	Autognetidae	Conchogneta
735	Animalia	Arthropoda	Acari	Oribatida	Caleremaeidae	Caleremaeus
736	Animalia	Arthropoda	Acari	Oribatida	Banksinomidae	Banksinoma
737	Animalia	Arthropoda	Acari	Oribatida	Banksinomidae	Oribella
738	Animalia	Arthropoda	Acari	Oribatida	Banksinomidae	Pantelozetes
739	Animalia	Arthropoda	Acari	Oribatida	Hydrozetidae	Hydrozetes
740	Animalia	Arthropoda	Acari	Oribatida	Hydrozetidae	Hydrozetes
741	Animalia	Arthropoda	Acari	Oribatida	Hydrozetidae	Hydrozetes
742	Animalia	Arthropoda	Acari	Oribatida	Hydrozetidae	Hydrozetes
743	Animalia	Arthropoda	Acari	Oribatida	Limnozetidae	
744	Animalia	Arthropoda	Acari	Oribatida	Limnozetidae	Limnozetes
745	Animalia	Arthropoda	Acari	Oribatida	Limnozetidae	Limnozetes
746	Animalia	Arthropoda	Acari	Oribatida	Ameronothridae	Ameronothrus
747	Animalia	Arthropoda	Acari	Oribatida	Ameronothridae	Ameronothrus
748	Animalia	Arthropoda	Acari	Oribatida	Cymbaeremaeidae	Cymbaeremaeus
749	Animalia	Arthropoda	Acari	Oribatida	Micreremidae	Micreremus
750	Animalia	Arthropoda	Acari	Oribatida	Scutoverticidae	Scutovertex
751	Animalia	Arthropoda	Acari	Oribatida	Scutoverticidae	Scutovertex
752	Animalia	Arthropoda	Acari	Oribatida	Scutoverticidae	Scutovertex
753	Animalia	Arthropoda	Acari	Oribatida	Scutoverticidae	
754	Animalia	Arthropoda	Acari	Oribatida	Oribatulidae	
755	Animalia	Arthropoda	Acari	Oribatida	Oribatulidae	Zygoribatula
756	Animalia	Arthropoda	Acari	Oribatida	Oribatulidae	Zygoribatula
757	Animalia	Arthropoda	Acari	Oribatida	Oribatulidae	Zygoribatula
758	Animalia	Arthropoda	Acari	Oribatida	Oribatulidae	Zygoribatula
759	Animalia	Arthropoda	Acari	Oribatida	Oribatulidae	Oribatula
760	Animalia	Arthropoda	Acari	Oribatida	Oribatulidae	Phauloppia
761	Animalia	Arthropoda	Acari	Oribatida	Hemileidae	Dometorina
762	Animalia	Arthropoda	Acari	Oribatida	Scheloribatidae	
763	Animalia	Arthropoda	Acari	Oribatida	Scheloribatidae	Scheloribates
764	Animalia	Arthropoda	Acari	Oribatida	Scheloribatidae	Scheloribates
765	Animalia	Arthropoda	Acari	Oribatida	Scheloribatidae	Scheloribates
767	Animalia	Arthropoda	Acari	Oribatida	Liebstadiidae	Liebstadia
768	Animalia	Arthropoda	Acari	Oribatida	Chamobatidae	
769	Animalia	Arthropoda	Acari	Oribatida	Chamobatidae	Chamobates
770	Animalia	Arthropoda	Acari	Oribatida	Chamobatidae	Chamobates
771	Animalia	Arthropoda	Acari	Oribatida	Chamobatidae	Chamobates
772	Animalia	Arthropoda	Acari	Oribatida	Chamobatidae	Chamobates
773	Animalia	Arthropoda	Acari	Oribatida	Zetomimidae	Zetomimus
774	Animalia	Arthropoda	Acari	Oribatida	Ceratozetidae	Melanozetes
775	Animalia	Arthropoda	Acari	Oribatida	Ceratozetidae	Diapterobates
776	Animalia	Arthropoda	Acari	Oribatida	Ceratozetidae	Fuscozetes
777	Animalia	Arthropoda	Acari	Oribatida	Ceratozetidae	Latilamellobates
778	Animalia	Arthropoda	Acari	Oribatida	Ceratozetidae	Trichoribates
779	Animalia	Arthropoda	Acari	Oribatida	Ceratozetidae	Trichoribates
780	Animalia	Arthropoda	Acari	Oribatida	Ceratozetidae	Humerobates
781	Animalia	Arthropoda	Acari	Oribatida	Ceratozetidae	Sphaerozetes
782	Animalia	Arthropoda	Acari	Oribatida	Ceratozetidae	Ceratozetes
783	Animalia	Arthropoda	Acari	Oribatida	Ceratozetidae	Ceratozetes
784	Animalia	Arthropoda	Acari	Oribatida	Mycobatidae	
785	Animalia	Arthropoda	Acari	Oribatida	Mycobatidae	Mycobates
786	Animalia	Arthropoda	Acari	Oribatida	Mycobatidae	Minunthozetes
787	Animalia	Arthropoda	Acari	Oribatida	Mycobatidae	Punctoribates
788	Animalia	Arthropoda	Acari	Oribatida	Mycobatidae	Punctoribates
789	Animalia	Arthropoda	Acari	Oribatida	Mycobatidae	Punctoribates
790	Animalia	Arthropoda	Acari	Oribatida	Mycobatidae	Punctoribates
791	Animalia	Arthropoda	Acari	Oribatida	Pelopidae	
792	Animalia	Arthropoda	Acari	Oribatida	Pelopidae	Peloptulus
793	Animalia	Arthropoda	Acari	Oribatida	Pelopidae	Peloptulus
794	Animalia	Arthropoda	Acari	Oribatida	Pelopidae	Eupelops
795	Animalia	Arthropoda	Acari	Oribatida	Pelopidae	Eupelops
796	Animalia	Arthropoda	Acari	Oribatida	Pelopidae	Eupelops
797	Animalia	Arthropoda	Acari	Oribatida	Pelopidae	Eupelops
798	Animalia	Arthropoda	Acari	Oribatida	Pelopidae	Eupelops
799	Animalia	Arthropoda	Acari	Oribatida	Pelopidae	Eupelops
800	Animalia	Arthropoda	Acari	Oribatida	Pelopidae	Eupelops
801	Animalia	Arthropoda	Acari	Oribatida	Oribatellidae	
802	Animalia	Arthropoda	Acari	Oribatida	Oribatellidae	Oribatella
803	Animalia	Arthropoda	Acari	Oribatida	Oribatellidae	Oribatella
804	Animalia	Arthropoda	Acari	Oribatida	Oribatellidae	Tegoribates
805	Animalia	Arthropoda	Acari	Oribatida	Achipteriidae	
806	Animalia	Arthropoda	Acari	Oribatida	Achipteriidae	Parachipteria
807	Animalia	Arthropoda	Acari	Oribatida	Achipteriidae	Parachipteria
808	Animalia	Arthropoda	Acari	Oribatida	Achipteriidae	Achipteria
809	Animalia	Arthropoda	Acari	Oribatida	Achipteriidae	Parachipteria
810	Animalia	Arthropoda	Acari	Oribatida	Galumnidae	
811	Animalia	Arthropoda	Acari	Oribatida	Galumnidae	Pilogalumna
812	Animalia	Arthropoda	Acari	Oribatida	Galumnidae	Acrogalumna
813	Animalia	Arthropoda	Acari	Oribatida	Galumnidae	Galumna
814	Animalia	Arthropoda	Acari	Oribatida	Galumnidae	Galumna
815	Animalia	Arthropoda	Acari	Oribatida	Galumnidae	Pergalumna
816	Animalia	Arthropoda	Acari	Uropodina		
817	Animalia	Arthropoda	Acari	Uropodina	Trematuridae	
818	Animalia	Arthropoda	Acari	Uropodina	Trematuridae	Trichouropoda
819	Animalia	Arthropoda	Acari	Uropodina	Trematuridae	Trichouropoda
820	Animalia	Arthropoda	Acari	Uropodina	Trematuridae	Trichouropoda
821	Animalia	Arthropoda	Acari	Uropodina	Trematuridae	Nenteria
822	Animalia	Arthropoda	Acari	Uropodina	Trematuridae	Nenteria
823	Animalia	Arthropoda	Acari	Uropodina	Trematuridae	Nenteria
824	Animalia	Arthropoda	Acari	Uropodina	Trematuridae	Nenteria
825	Animalia	Arthropoda	Acari	Uropodina	Urodinychidae	
826	Animalia	Arthropoda	Acari	Uropodina	Urodinychidae	Dinychus
827	Animalia	Arthropoda	Acari	Uropodina	Urodinychidae	Dinychus
828	Animalia	Arthropoda	Acari	Uropodina	Urodinychidae	Dinychus
829	Animalia	Arthropoda	Acari	Uropodina	Urodinychidae	Uroobovella
830	Animalia	Arthropoda	Acari	Uropodina	Urodinychidae	Uroobovella
831	Animalia	Arthropoda	Acari	Uropodina	Urodinychidae	Uroobovella
832	Animalia	Arthropoda	Acari	Uropodina	Urodinychidae	Uroobovella
833	Animalia	Arthropoda	Acari	Uropodina	Urodinychidae	Uroobovella
834	Animalia	Arthropoda	Acari	Uropodina	Uropodidae	
835	Animalia	Arthropoda	Acari	Uropodina	Uropodidae	Uropoda
836	Animalia	Arthropoda	Acari	Uropodina	Uropodidae	Uropoda
837	Animalia	Arthropoda	Acari	Uropodina	Uropodidae	Phaulodinychus
838	Animalia	Arthropoda	Acari	Uropodina	Uropodidae	Phaulodinychus
839	Animalia	Arthropoda	Acari	Uropodina	Uropodidae	Phaulodinychus
840	Animalia	Arthropoda	Acari	Uropodina	Uropodidae	Phaulodinychus
841	Animalia	Arthropoda	Acari	Gamasina		
842	Animalia	Arthropoda	Acari	Gamasina	Eviphididae	Alliphis
843	Animalia	Arthropoda	Acari	Gamasina	Macrochelidae	
844	Animalia	Arthropoda	Acari	Gamasina	Macrochelidae	Holostaspella
845	Animalia	Arthropoda	Acari	Gamasina	Macrochelidae	Macrocheles
846	Animalia	Arthropoda	Acari	Gamasina	Macrochelidae	Macrocheles
847	Animalia	Arthropoda	Acari	Gamasina	Macrochelidae	Macrocheles
848	Animalia	Arthropoda	Acari	Gamasina	Macrochelidae	Macrocheles
849	Animalia	Arthropoda	Acari	Gamasina	Macrochelidae	Pachylaelaps
850	Animalia	Arthropoda	Acari	Gamasina	Dermanyssidae	Hypoaspis
851	Animalia	Arthropoda	Acari	Gamasina	Dermanyssidae	Androlaelaps
852	Animalia	Arthropoda	Acari	Gamasina	Ameroseiidae	
853	Animalia	Arthropoda	Acari	Gamasina	Ameroseiidae	Ameroseius
854	Animalia	Arthropoda	Acari	Gamasina	Ameroseiidae	Proctolaelaps
855	Animalia	Arthropoda	Acari	Gamasina	Podocinidae	Neojordensia
856	Animalia	Arthropoda	Acari	Gamasina	Ascidae	
857	Animalia	Arthropoda	Acari	Gamasina	Ascidae	Sejus
858	Animalia	Arthropoda	Acari	Gamasina	Ascidae	Sejus
859	Animalia	Arthropoda	Acari	Gamasina	Ascidae	Sejus
860	Animalia	Arthropoda	Acari	Gamasina	Zerconidae	
861	Animalia	Arthropoda	Acari	Gamasina	Eugamasidae	
862	Animalia	Arthropoda	Acari	Gamasina	Eugamasidae	Pergamasus
863	Animalia	Arthropoda	Acari	Gamasina	Eugamasidae	Pergamasus
864	Animalia	Arthropoda	Acari	Gamasina	Eugamasidae	Veigaia
865	Animalia	Arthropoda	Acari	Actinedida	Pyroglyphidae	
866	Animalia	Arthropoda	Acari	Actinedida	Cheyletidae	
867	Animalia	Arthropoda	Acari	Actinedida	Acarididae	
868	Animalia	Arthropoda	Acari	Acaridida	Hydrachnidae	
869	Animalia	Arthropoda	Acari	Acaridida	Hydrachnidae	Tyrophagus
870	Animalia	Arthropoda	Insecta	Mallophaga	Trichodectidae	Damalinia
872	Animalia	Arthropoda	Insecta	Mallophaga	Trichodectidae	Damalinia
873	Animalia	Arthropoda	Acari	Oribatida	Ceratozetidae	Humerobates
874	Animalia	Arthropoda	Insecta	Mallophaga		
875	Animalia	Arthropoda	Acari	Acaridida		
876	Animalia	Arthropoda	Acari	Oribatida	Hydrozetidae	ondet.
877	Animalia	Arthropoda	Acari	Oribatida	Oribatellidae	Oribatella
878	Animalia	Arthropoda	Acari	Oribatida	Malaconothridae	Trimalaconothrus
879	Animalia	Arthropoda				
880	Animalia	Chordata	Osteichthyes	Pleuronectiformes	Soleidae	Solea
881	Animalia	Chordata	Osteichthyes	Pleuronectiformes	Soleidae	
882	Animalia	Mollusca	Gastropoda	Pulmonata	Planorbidae	Planorbis
884	Animalia	Mollusca	Gastropoda	Pulmonata	Planorbidae	Planorbarius
886	Animalia	Mollusca	Gastropoda	Pulmonata	Planorbidae	
887	Animalia	Mollusca	Gastropoda	Pulmonata	Planorbidae	Segmentina
888	Animalia	Mollusca	Gastropoda	Pulmonata	Planorbidae	Anisus
889	Animalia	Mollusca	Gastropoda	Pulmonata	Planorbidae	Anisus
890	Animalia	Mollusca	Bivalvia	Unionoida	Unionidae	Anodonta
892	Animalia	Mollusca	Gastropoda	Architaenioglossa	Viviparidae	Viviparus
893	Animalia	Mollusca	Gastropoda	Pulmonata	Lymnaeidae	Radix
894	Animalia	Mollusca	Gastropoda	Pulmonata	Lymnaeidae	Stagnicola
895	Animalia	Mollusca	Gastropoda	Pulmonata	Physidae	Physella
896	Animalia	Mollusca	Gastropoda	Neotaenioglossa	Hydrobiidae	Hydrobia
897	Animalia	Mollusca	Gastropoda	Pulmonata	Planorbidae	Hippeutis
898	Animalia	Mollusca	Gastropoda	Pulmonata	Planorbidae	Gyraulus
899	Animalia	Mollusca	Gastropoda	Pulmonata	Lymnaeidae	Galba
900	Animalia	Mollusca	Gastropoda	Neotaenioglossa	Bithyniidae	Bithynia
901	Animalia	Mollusca	Gastropoda	Neotaenioglossa	Bithyniidae	Bithynia
902	Animalia	Mollusca	Bivalvia			
903	Animalia	Mollusca	Gastropoda			
905	Animalia	Mollusca	Gastropoda	Neotaenioglossa	Hydrobiidae	Hydrobia
906	Animalia	Chordata	Mammalia	Chiroptera	Vespertilionidae	Myotis
907	Animalia	Mollusca	Bivalvia	Veneroida	Cardiidae	Cerastoderma
908	Animalia	Chordata	Amphibia	Caudata	Salamandridae	
910	Animalia	Mollusca	Gastropoda	Neotaenioglossa	Bithyniidae	Bithynia
911	Animalia	Mollusca	Bivalvia	Veneroida	Sphaeriidae	
912	Animalia	Mollusca	Gastropoda	Pulmonata	Lymnaeidae	Radix
913	Animalia	Mollusca	Gastropoda	Pulmonata	Lymnaeidae	Radix
914	Animalia	Mollusca	Bivalvia	Unionoida	Margaritiferidae	Pseudunio
916	Animalia	Mollusca	Gastropoda	Basommatophora	Ellobiidae	Carychium
917	Animalia	Mollusca	Gastropoda	Stylommatophora	Ferussaciidae	Cecilioides
918	Animalia	Mollusca	Gastropoda	Stylommatophora	Vertiginidae	Columella
919	Animalia	Mollusca	Gastropoda	Stylommatophora	Helicarionidae	Euconulus
920	Animalia	Mollusca	Gastropoda	Stylommatophora	Helicidae	Helicella
921	Animalia	Mollusca	Gastropoda	Stylommatophora	Clausiliidae	Balea
922	Animalia	Mollusca	Gastropoda	Stylommatophora	Bradybaenidae	Bradybaena
923	Animalia	Echinodermata	Echinoidea			
924	Animalia	Echinodermata	Echinoidea	Spantagoida	Echinothuridae	Echinocardium
927	Animalia	Mollusca	Gastropoda	Stylommatophora	Enidae	Ena
928	Animalia	Mollusca	Gastropoda	Bullomorpha	Retusidae	Retusa
929	Animalia	Mollusca	Gastropoda	Stylommatophora	Succineidae	
930	Animalia	Mollusca	Gastropoda	Stylommatophora	Succineidae	Succinella
931	Animalia	Mollusca	Gastropoda	Stylommatophora	Vitrinidae	Vitrina
932	Animalia	Mollusca	Gastropoda	Mesogastropoda	Pomatiasidae	Pomatias
933	Animalia	Annelida	Polychaeta			
936	Animalia	Mollusca	Bryozoa			
937	Animalia	Mollusca	Gastropoda	Stylommatophora	Limacidae	
938	Animalia	Mollusca	Gastropoda	Stylommatophora	Succineidae	Oxyloma
939	Animalia	Mollusca	Gastropoda	Stylommatophora	Succineidae	Oxyloma
940	Animalia	Mollusca	Gastropoda	Stylommatophora	Vertiginidae	Vertigo
941	Animalia	Mollusca	Gastropoda	Stylommatophora	Vertiginidae	Vertigo
942	Animalia	Mollusca	Gastropoda	Stylommatophora	Vertiginidae	Vertigo
943	Animalia	Mollusca	Gastropoda	Stylommatophora	Vertiginidae	Vertigo
944	Animalia	Mollusca	Gastropoda	Stylommatophora	Vitrinidae	Vitrina
948	Animalia	Chordata	Mammalia	Cetacea	Balaenopteridae	
949	Animalia	Mollusca	Bivalvia	Veneroida	Veneridae	Callista
950	Animalia	Mollusca	Gastropoda	Archaeogastropoda	Haliotidae	Haliotis
951	Animalia	Mollusca	Bivalvia	Veneroida	Tellinidae	Tellina
952	Animalia	Mollusca	Bivalvia	Nuculoida	Nuculidae	Nucula
953	Animalia	Mollusca	Gastropoda	Mesogastropoda	Naticidae	
954	Animalia	Arthropoda	Crustacea	Thoracica	Balanidae	Balanus
955	Animalia	Arthropoda	Crustacea	Thoracica	Balanidae	Balanus
956	Animalia	Mollusca	Bivalvia	Veneroida	Semelidae	Abra
957	Animalia	Mollusca	Gastropoda	Stylommatophora	Vertiginidae	Columella
958	Animalia	Mollusca	Cephalopoda	Sepiida	Sepiidae	Sepia
959	Animalia	Mollusca	Cephalopoda	Sepiida	Sepiidae	Sepia
960	Animalia	Mollusca	Gastropoda	Bullomorpha	Pyramidellidae	Odostomia
961	Animalia	Mollusca	Gastropoda	Bullomorpha	Pyramidellidae	Odostomia
962	Animalia	Arthropoda	Ostracoda			
963	Animalia	Mollusca	Gastropoda	Stylommatophora	Valloniidae	Acanthinula
964	Animalia	Mollusca	Gastropoda	Stylommatophora	Vitrinidae	Aegopinella
965	Animalia	Mollusca	Gastropoda	Bullomorpha	Pyramidellidae	Chrysallida
966	Animalia	Mollusca	Gastropoda	Mesogastropoda	Cypraeidae	
967	Animalia	Mollusca	Gastropoda	Mesogastropoda	Cypraeidae	Cypraea
968	Animalia	Mollusca	Gastropoda	Mesogastropoda	Cypraeidae	Cypraea
969	Animalia	Mollusca	Bivalvia	Veneroida	Neoleptonidae	Epilepton
970	Animalia	Echinodermata	Ophiuroidea			
971	Animalia	Mollusca	Gastropoda	Stylommatophora	Helicidae	Helicodonta
972	Animalia	Mollusca	Bivalvia	Veneroida	Kelliidae	Kellia
973	Animalia	Cnidaria	Hydrozoa			
974	Animalia	Porifera	Demospongiae			
975	Animalia	Chordata	Chondrichthyes	Lamniformes	Alopiidae	Alopias
976	Animalia	Chordata	Chondrichthyes			
977	Animalia	Chordata	Osteichthyes	Scorpaeniformes	Triglidae	Aspitrigla
978	Animalia	Chordata	Osteichthyes	Gadiformes	Gadidae	Molva
979	Animalia	Chordata	Osteichthyes	Pleuronectiformes	Bothidae	
980	Animalia	Chordata	Osteichthyes	Perciformes	Sphyraenidae	Sphyraena
982	Animalia	Mollusca	Gastropoda	Stylommatophora	Valloniidae	Vallonia
983	Animalia	Annelida	Hirudinea			
984	Animalia	Arthropoda	Acari	Oribatida	Ameronothridae	Ameronothrus
985	Animalia	Arthropoda	Acari	Acaridida	Analgesidae	
986	Animalia	Arthropoda	Acari	Oribatida	Metrioppiidae	Ceratoppia
987	Animalia	Arthropoda	Acari	Oribatida	Chamobatidae	Chamobates
989	Animalia	Arthropoda	Acari	Uropodina	Urodinychidae	Dinychus
990	Animalia	Arthropoda	Acari	Oribatida	Limnozetidae	Limnozetes
991	Animalia	Arthropoda	Acari	Oribatida	Belbidae	Metabelba
992	Animalia	Arthropoda	Acari	Oribatida	Oppiidae	Oppia
993	Animalia	Arthropoda	Acari	Gamasina	Macrochelidae	Pachylaelaps
995	Animalia	Arthropoda	Insecta	Anoplura	Pediculidae	Pediculus
996	Animalia	Arthropoda	Insecta	Siphonaptera	Pulicidae	Pulex
997	Animalia	Arthropoda	Acari	Gamasina	Rhodacaridae	Rhodacarellus
998	Animalia	Arthropoda	Acari	Uropodina	Uropodidae	Uropoda
999	Animalia	Arthropoda	Insecta	Siphonaptera		
1000	Animalia	Arthropoda	Insecta	Anoplura		
1001	Animalia	Arthropoda	Acari	Oribatida	Achipteriidae	Achipteria
1002	Animalia	Arthropoda	Acari	Oribatida	Ceratozetidae	Ceratozetella
1003	Animalia	Arthropoda	Acari	Gamasina	Dermanyssidae	Eulaelaps
1004	Animalia	Arthropoda	Acari	Gamasina	Ascidae	Halolaelaps
1005	Animalia	Arthropoda	Acari	Gamasina	Ascidae	Halolaelaps
1006	Animalia	Arthropoda	Acari	Gamasina	Dermanyssidae	Hypoaspis
1007	Animalia	Arthropoda	Acari	Gamasina	Macrochelidae	Macrocheles
1008	Animalia	Arthropoda	Acari	Oribatida	Belbidae	Metabelba
1009	Animalia	Arthropoda	Acari	Oribatida	Oribatellidae	Ophidiotrichus
1010	Animalia	Arthropoda	Acari	Oribatida	Oppiidae	Oppiella
1011	Animalia	Arthropoda	Acari	Oribatida	Oppiidae	Oppiella
1012	Animalia	Arthropoda	Acari	Oribatida	Oribatulidae	Phauloppia
1013	Animalia	Arthropoda	Crustacea	Decapoda	Cancridae	Cancer
1014	Animalia	Arthropoda	Crustacea	Decapoda	Portunidae	Carcinus
1015	Animalia	Arthropoda	Crustacea	Decapoda	Paguridae	Eupagurus
1016	Animalia	Arthropoda	Crustacea	Decapoda	Homaridae	Homarus
1017	Animalia	Mollusca	Gastropoda	Stylommatophora	Helicidae	Arianta
1018	Animalia	Arthropoda	Arachnida			
1019	Animalia	Arthropoda	Arachnida	Araneae		
1020	Animalia	Arthropoda	Insecta	Coleoptera		
1021	Animalia	Arthropoda	Insecta	Mallophaga	Trichodectidae	Damalinia
1022	Animalia	Arthropoda	Insecta	Mallophaga	Trichodectidae	Damalinia
1023	Animalia	Arthropoda	Insecta	Diptera		
1024	Animalia	Arthropoda	Insecta	Siphonaptera	Pulicidae	
1025	Animalia	Arthropoda	Crustacea	Thoracica	Balanidae	Balanus
1026	Animalia	Arthropoda	Crustacea	Thoracica	Lepadidae	Cetopirus
1029	Animalia	Chordata	Aves	Charadriiformes	Charadriidae	Pluvialis
1030	Animalia	Chordata	Aves	Passeriformes	Muscicapidae	Sylvia
1034	Animalia	Chordata	Osteichthyes	Gasterosteiformes	Gasterosteidae	
1036	Animalia	Mollusca	Gastropoda	Neotaenioglossa	Hydrobiidae	Mercuria
1037	Animalia	Mollusca	Gastropoda	Veneroida	Sphaeriidae	Musculium
1038	Animalia	Mollusca	Gastropoda	Stylommatophora	Helicidae	Pseudotrichia
1040	Animalia	Chordata	Aves	Charadriiformes	Stercorariidae	Stercorarius
1041	Animalia	Chordata	Aves	Charadriiformes	Laridae	Larus
1042	Animalia	Chordata	Aves	Charadriiformes	Laridae	Larus
1044	Animalia	Mollusca	Bivalvia	Veneroida	Tellinidae	
1046	Animalia	Echinodermata	Echinodermata	Ophiurida	Ophiuridae	Ophiura
1047	Animalia	Arthropoda	Insecta	Siphonaptera	Pulicidae	Ctenocephalides
1048	Animalia	Arthropoda	Insecta	Siphonaptera	Pulicidae	Ctenocephalides
1052	Animalia	Chordata	Aves	Ciconiiformes	Ardeidae	Ardea
1053	Animalia	Chordata	Aves	Galliformes	Phasianidae	Porzana
1054	Animalia	Chordata	Mammalia	Cetacea	Delphinidae	Orcinus
1055	Animalia	Chordata	Aves	Columbiformes	Columbidae	Columba
1056	Animalia	Chordata	Aves	Columbiformes	Columbidae	Streptopelia
1057	Animalia	Chordata	Mammalia	Artiodactyla	Hippopotamidae	Hippopotamus
1060	Animalia	Mollusca	Gastropoda	Mesogastropoda	Cypraeidae	Cypraea
1062	Animalia	Chordata	Aves	Falconiformes	Accipitridae	Milvus
1063	Animalia	Chordata	Aves	Passeriformes	Turdidae	Turdus
1065	Animalia	Chordata	Mammalia	Cetacea	Ziphiidae	Hyperoodon
1066	Animalia	Chordata	Aves	Passeriformes	Hirundinidae	Delichon
1067	Animalia	Chordata	Mammalia	Rodentia	Caviidae	Cavia
1068	Animalia	Chordata	Aves	Podicipediformes	Podicipedidae	Podiceps
1070	Animalia	Chordata	Osteichthyes	Cypriniformes	Cyprinidae	Rutilus
1071	Animalia	Chordata	Osteichthyes	Cypriniformes	Cyprinidae	Abramis
1072	Animalia	Chordata	Aves	Accipitriformes		
1074	Animalia	Arthropoda	Insecta	Coleoptera	Staphylinidae	Acidota
1075	Animalia	Chordata	Actinopterygii	Acipenseriformes	Acipenseridae	Acipenser
1076	Animalia	Arthropoda	Insecta	Coleoptera	Histeridae	Acritus
1077	Animalia	Arthropoda	Insecta	Coleoptera	Ptiliidae	Acrotrichis
1078	Animalia	Arthropoda	Insecta	Coleoptera	Ptiliidae	Actidium
1079	Animalia	Arthropoda	Arachnida	Prostigmata		
1080	Animalia	Arthropoda	Insecta	Coleoptera	Carabidae	Acupalpus
1081	Animalia	Arthropoda	Insecta	Coleoptera	Dytiscidae	Agabus
1082	Animalia	Arthropoda	Insecta	Coleoptera	Carabidae	Agonum
1083	Animalia	Mollusca	Gastropoda	Pulmonata	Agriolimacidae	
1084	Animalia	Arthropoda	Insecta	Coleoptera	Elateridae	Agriotes
1085	Animalia	Arthropoda	Insecta	Coleoptera	Staphylinidae	Aleochara
1086	Animalia	Arthropoda	Insecta	Coleoptera	Staphylinidae	
1087	Animalia	Chordata	Actinopterygii	Clupeiformes	Clupeidae	Alosa
1088	Animalia	Arthropoda	Insecta	Coleoptera	Carabidae	Amara
1089	Animalia	Arthropoda	Insecta	Coleoptera	Carabidae	Amara
1090	Animalia	Arthropoda	Insecta	Coleoptera	Carabidae	Amara
1091	Animalia	Arthropoda	Insecta	Coleoptera	Carabidae	Amara
1092	Animalia	Arthropoda	Insecta	Coleoptera	Carabidae	Amara
1093	Animalia	Arthropoda	Insecta	Coleoptera	Carabidae	Amara
1094	Animalia	Arthropoda	Insecta	Coleoptera	Carabidae	Amara
1095	Animalia	Arthropoda	Insecta	Coleoptera	Hydrophilidae	Anacaena
1096	Animalia	Arthropoda	Arachnida	Sarcoptiformes	Achipteriidae	Anachipteria
1097	Animalia	Arthropoda	Insecta	Coleoptera	Carabidae	Anisodactylus
1099	Animalia	Arthropoda	Insecta	Coleoptera	Anobiidae	
1100	Animalia	Arthropoda	Insecta	Coleoptera	Anobiidae	Anobium
1102	Animalia	Arthropoda	Insecta	Coleoptera	Staphylinidae	Anotylus
1103	Animalia	Arthropoda	Insecta	Coleoptera	Staphylinidae	Anotylus
1104	Animalia	Arthropoda	Insecta	Coleoptera	Anthicidae	
1105	Animalia	Arthropoda	Insecta	Coleoptera	Anthicidae	Anthicus
1106	Animalia	Arthropoda	Insecta	Coleoptera	Anthicidae	Anthicus
1107	Animalia	Arthropoda	Insecta	Coleoptera	Anthribidae	
1108	Animalia	Arthropoda	Insecta	Coleoptera	Scarabaeidae	Aphodius
1109	Animalia	Arthropoda	Insecta	Coleoptera	Scarabaeidae	Aphodius
1110	Animalia	Arthropoda	Insecta	Coleoptera	Scarabaeidae	Aphodius
1111	Animalia	Arthropoda	Insecta	Coleoptera	Brentidae	Apion
1112	Animalia	Arthropoda	Insecta	Coleoptera	Brentidae	Apion
1113	Animalia	Arthropoda	Insecta	Coleoptera	Apionidae	
1114	Animalia	Arthropoda	Insecta	Hymenoptera	Apidae	Apis
1115	Animalia	Arthropoda	Insecta	Hymenoptera		
1116	Animalia	Arthropoda	Insecta	Coleoptera	Carabidae	Agonum
1117	Animalia	Arthropoda	Insecta	Coleoptera	Carabidae	Agonum
1118	Animalia	Arthropoda	Insecta	Coleoptera	Carabidae	Agonum
1119	Animalia	Chordata	Aves	Accipitriformes	Accipitridae	Aquila
1120	Protozoa		Lobosa	Arcellinida	Arcellidae	Arcella
1122	Animalia	Nematoda	Secernentea	Ascaridida	Ascarididae	
1123	Animalia	Nematoda	Secernentea	Ascaridida	Ascarididae	Ascaris
1124	Animalia	Nematoda	Secernentea	Ascaridida	Ascarididae	Ascaris
1125	Animalia	Arthropoda	Insecta	Coleoptera	Staphylinidae	Astenus
1126	Animalia	Arthropoda	Arachnida	Astigmata		
1127	Animalia	Arthropoda	Insecta	Coleoptera	Cryptophagidae	Atomaria
1128	Animalia	Arthropoda	Insecta	Coleoptera	Cryptophagidae	Atomaria
1129	Animalia	Arthropoda	Insecta	Coleoptera	Cryptophagidae	Atomaria
1130	Animalia	Arthropoda	Insecta	Coleoptera	Dermestidae	Attagenus
1131	Animalia	Arthropoda	Insecta	Coleoptera	Curculionidae	Bagous
1132	Animalia	Arthropoda	Insecta	Coleoptera	Carabidae	Bembidion
1133	Animalia	Arthropoda	Insecta	Coleoptera	Carabidae	Bembidion
1134	Animalia	Arthropoda	Insecta	Coleoptera	Carabidae	Bembidion
1135	Animalia	Arthropoda	Insecta	Coleoptera	Carabidae	Bembidion
1136	Animalia	Arthropoda	Insecta	Coleoptera	Carabidae	Bembidion
1137	Animalia	Arthropoda	Insecta	Coleoptera	Carabidae	Bembidion
1138	Animalia	Arthropoda	Insecta	Coleoptera	Carabidae	Bembidion
1139	Animalia	Arthropoda	Insecta	Coleoptera	Carabidae	Bembidion
1140	Animalia	Arthropoda	Insecta	Diptera	Bibionidae	
1141	Animalia	Arthropoda	Insecta	Coleoptera	Staphylinidae	Bibloplectus
1142	Animalia	Chordata	Mammalia	Artiodactyla	Bovidae	Bison
1144	Animalia	Arthropoda	Insecta	Coleoptera	Staphylinidae	Bledius
1145	Animalia	Arthropoda	Insecta	Coleoptera	Staphylinidae	Bledius
1146	Animalia	Mollusca	Gastropoda	Neogastropoda	Muricidae	Bolinus
1147	Animalia	Chordata	Mammalia	Artiodactyla	Bovidae	Bos
1148	Animalia	Arthropoda	Insecta	Coleoptera	Limnichidae	Bothriophorus
1149	Animalia	Chordata	Mammalia	Artiodactyla	Bovidae	
1150	Animalia	Arthropoda	Insecta	Diptera		
1152	Animalia	Arthropoda	Insecta	Coleoptera	Staphylinidae	Brachygluta
1153	Animalia	Arthropoda	Insecta	Coleoptera	Anthribidae	Brachytarsus
1154	Animalia	Arthropoda	Malacostraca	Decapoda		
1155	Animalia	Arthropoda	Insecta	Coleoptera	Carabidae	Bradycellus
1156	Animalia	Arthropoda	Insecta	Coleoptera	Carabidae	Bradycellus
1157	Animalia	Arthropoda	Insecta	Coleoptera	Staphylinidae	Bryaxis
1158	Animalia	Arthropoda	Insecta	Coleoptera	Staphylinidae	Bryaxis
1159	Animalia	Arthropoda	Insecta	Coleoptera	Staphylinidae	Bryaxis
1160	Animalia	Chordata	Amphibia	Anura	Bufonidae	
1161	Animalia	Arthropoda	Insecta	Coleoptera	Byrrhidae	
1164	Animalia	Arthropoda	Insecta	Coleoptera	Staphylinidae	Bythinus
1165	Animalia	Chordata	Aves	Charadriiformes	Scolopacidae	Calidris
1166	Animalia	Chordata	Aves	Charadriiformes	Scolopacidae	Calidris
1167	Animalia	Chordata	Mammalia	Carnivora	Canidae	Canis
1168	Animalia	Arthropoda	Insecta	Coleoptera	Carabidae	
1169	Animalia	Arthropoda	Insecta	Coleoptera	Carabidae	Carabus
1170	Animalia	Arthropoda	Insecta	Coleoptera	Carabidae	Carabus
1171	Animalia	Arthropoda	Insecta	Coleoptera	Carabidae	Carabus
1172	Animalia	Arthropoda	Insecta	Coleoptera	Carabidae	Carabus
1176	Animalia	Arthropoda	Insecta	Coleoptera	Staphylinidae	Carpelimus
1177	Animalia	Arthropoda	Insecta	Coleoptera	Staphylinidae	Carpelimus
1178	Animalia	Arthropoda	Insecta	Coleoptera	Staphylinidae	Carpelimus
1179	Animalia	Arthropoda	Insecta	Coleoptera	Staphylinidae	Carpelimus
1180	Animalia	Arthropoda	Insecta	Coleoptera	Staphylinidae	Carpelimus
1181	Animalia	Arthropoda	Insecta	Coleoptera	Staphylinidae	Carpelimus
1182	Animalia	Arthropoda	Insecta	Coleoptera	Staphylinidae	Carpelimus
1183	Animalia	Arthropoda	Insecta	Coleoptera	Staphylinidae	Carpelimus
1184	Animalia	Arthropoda	Insecta	Coleoptera	Staphylinidae	Carpelimus
1185	Animalia	Arthropoda	Insecta	Coleoptera	Latridiidae	Cartodere
1186	Animalia	Arthropoda	Insecta	Coleoptera	Chrysomelidae	Cassida
1189	Animalia	Arthropoda	Insecta	Coleoptera	Hydrophilidae	Cercyon
1190	Animalia	Arthropoda	Insecta	Coleoptera	Hydrophilidae	Cercyon
1191	Animalia	Arthropoda	Insecta	Coleoptera	Hydrophilidae	Cercyon
1192	Animalia	Arthropoda	Insecta	Coleoptera	Hydrophilidae	Cercyon
1193	Animalia	Arthropoda	Insecta	Coleoptera	Hydrophilidae	Cercyon
1194	Animalia	Arthropoda	Insecta	Coleoptera	Hydrophilidae	Cercyon
1195	Animalia	Arthropoda	Insecta	Coleoptera	Hydrophilidae	Cercyon
1196	Animalia	Arthropoda	Insecta	Coleoptera	Hydrophilidae	Cercyon
1197	Animalia	Arthropoda	Insecta	Coleoptera	Hydrophilidae	Chaetarthria
1198	Animalia	Arthropoda	Insecta	Coleoptera	Chrysomelidae	Chaetocnema
1199	Animalia	Arthropoda	Insecta	Coleoptera	Chrysomelidae	Chaetocnema
1200	Animalia	Arthropoda	Insecta	Coleoptera	Chrysomelidae	
1201	Animalia	Arthropoda	Insecta	Hemiptera	Cicadellidae	
1202	Animalia	Arthropoda	Branchiopoda	Cladocera		
1203	Animalia	Arthropoda	Insecta	Coleoptera	Clambidae	
1204	Animalia	Arthropoda	Insecta	Coleoptera	Clambidae	Clambus
1205	Animalia	Arthropoda	Insecta	Coleoptera	Clambidae	Clambus
1206	Animalia	Porifera	Demospongiae	Hadromerida	Clionidae	Cliona
1207	Animalia	Arthropoda	Insecta	Coleoptera	Carabidae	Clivina
1208	Animalia	Arthropoda	Insecta	Coleoptera	Carabidae	Clivina
1209	Animalia	Arthropoda	Insecta	Coleoptera	Carabidae	Clivina
1210	Animalia	Chordata	Actinopterygii	Clupeiformes	Clupeidae	Clupea
1211	Animalia	Arthropoda	Insecta	Coleoptera	Coccinellidae	Coccidula
1212	Animalia	Arthropoda	Insecta	Coleoptera	Coccinellidae	
1213	Animalia	Arthropoda	Insecta	Coleoptera	Hydrophilidae	Coelostoma
1214	Animalia	Arthropoda	Insecta	Lepidoptera	Coleophoridae	Coleophora
1215	Animalia	Arthropoda	Entognatha	Collembola		
1216	Animalia	Chordata	Aves	Accipitriformes	Accipitridae	Circus
1217	Animalia	Ectoprocta	Gymnolaemata	Cheilostomatida	Electridae	Conopeum
1218	Animalia	Mollusca	Gastropoda	Neogastropoda	Conidae	Conus
1220	Animalia	Arthropoda	Insecta	Coleoptera	Latridiidae	
1221	Animalia	Chordata	Aves	Passeriformes	Corvidae	Corvus
1222	Animalia	Arthropoda	Insecta	Coleoptera	Corylophidae	
1223	Animalia	Arthropoda	Insecta	Coleoptera	Corylophidae	Corylophus
1225	Animalia	Mollusca	Bivalvia	Pterioida	Ostreidae	Crassostrea
1226	Animalia	Arthropoda	Insecta	Coleoptera	Staphylinidae	Creophilus
1227	Animalia	Arthropoda	Insecta	Diptera	Calliphoridae	Protophormia
1228	Animalia	Arthropoda	Insecta	Coleoptera	Cryptophagidae	
1229	Animalia	Arthropoda	Insecta	Coleoptera	Cryptophagidae	Cryptophagus
1231	Animalia	Arthropoda	Insecta	Coleoptera	Curculionidae	
1233	Animalia	Arthropoda	Insecta	Diptera	Cyclorrapha	
1234	Animalia	Arthropoda	Insecta	Coleoptera	Hydrophilidae	Cymbiodyta
1235	Animalia	Arthropoda	Insecta	Coleoptera	Scirtidae	Cyphon
1236	Animalia	Mollusca	Gastropoda	Neotaenioglossa	Cypraeidae	Cypraea
1237	Animalia	Arthropoda	Branchiopoda	Diplostraca	Daphniidae	Daphnia
1238	Animalia	Platyhelminthes	Cestoda	Pseudophyllidea	Diphyllobothriidae	Diphyllobothrium
1239	Animalia	Arthropoda	Diplopoda			
1240	Animalia	Arthropoda	Insecta	Coleoptera	Carabidae	Dromius
1241	Animalia	Arthropoda	Insecta	Coleoptera	Carabidae	Dromius
1242	Animalia	Arthropoda	Insecta	Coleoptera	Staphylinidae	Drusilla
1243	Animalia	Arthropoda	Insecta	Coleoptera	Carabidae	Dyschirius
1244	Animalia	Arthropoda	Insecta	Coleoptera	Carabidae	Dyschirius
1245	Animalia	Arthropoda	Insecta	Coleoptera	Carabidae	Dyschirius
1246	Animalia	Arthropoda	Insecta	Coleoptera	Dytiscidae	
1247	Animalia	Echinodermata	Echinoidea	Clypeasteroida	Fibulariidae	Echinocyamus
1248	Animalia	Chordata	Chondrichthyes			
1249	Animalia	Arthropoda	Insecta	Coleoptera	Elateridae	
1250	Animalia	Ectoprocta	Gymnolaemata	Cheilostomatida	Electridae	Electra
1251	Animalia	Chordata	Aves	Passeriformes	Emberizidae	Emberiza
1252	Animalia	Chordata	Reptilia	Chelonii	Emydidae	Emys
1253	Animalia	Arthropoda	Insecta	Coleoptera	Latridiidae	Enicmus
1254	Animalia	Arthropoda	Insecta	Coleoptera	Latridiidae	Enicmus
1255	Animalia	Arthropoda	Insecta	Coleoptera	Hydrophilidae	Enochrus
1256	Animalia	Arthropoda	Insecta	Trichoptera	Limnephilidae	Enoicyla
1257	Animalia	Arthropoda	Insecta	Coleoptera	Chrysomelidae	Epitrix
1258	Animalia	Arthropoda	Arachnida	Oribatida	Eremaeidae	Eporibatula
1259	Animalia	Chordata	Mammalia	Perissodactyla	Equidae	Equus
1260	Animalia	Chordata	Mammalia	Perissodactyla	Equidae	Equus
1261	Animalia	Arthropoda	Arachnida	Oribatida	Eremaeidae	Eremaeus
1262	Animalia	Arthropoda	Insecta	Coleoptera	Staphylinidae	Erichsonius
1263	Animalia	Arthropoda	Insecta	Coleoptera	Staphylinidae	Euaesthetus
1264	Animalia	Arthropoda	Insecta	Coleoptera	Staphylinidae	Euaesthetus
1265	Animalia	Arthropoda	Insecta	Coleoptera	Scydmaenidae	Euconnus
1268	Animalia	Arthropoda	Insecta	Coleoptera	Scydmaenidae	Euthia
1269	Animalia	Arthropoda	Insecta	Coleoptera	Scydmaenidae	Euthia
1270	Animalia	Chordata	Actinopterygii	Scorpaeniformes	Triglidae	Eutrigla
1271	Animalia	Arthropoda	Insecta	Coleoptera	Staphylinidae	Falagria
1272	Animalia	Chordata	Aves	Falconiformes		
1273	Animalia	Arthropoda	Insecta	Hymenoptera	Formicidae	
1274	Animalia	Arthropoda	Insecta	Coleoptera	Staphylinidae	Gabrius
1276	Animalia	Arthropoda	Arachnida	Mesostigmata		
1277	Animalia	Arthropoda	Arachnida	Astigmata	Glycyphagidae	
1278	Animalia	Arthropoda	Arachnida	Astigmata	Glycyphagidae	Glycyphagus
1279	Animalia	Arthropoda	Insecta	Coleoptera	Dytiscidae	Graptodytes
1280	Animalia	Arthropoda	Insecta	Coleoptera	Staphylinidae	Gyrohypnus
1281	Animalia	Arthropoda	Insecta	Phthiraptera	Haematopinidae	Haematopinus
1282	Animalia	Arthropoda	Insecta	Phthiraptera	Haematopinidae	Haematopinus
1283	Animalia	Arthropoda	Insecta	Coleoptera	Carabidae	Harpalus
1284	Animalia	Arthropoda	Insecta	Coleoptera	Hydrophilidae	Helophorus
1285	Animalia	Arthropoda	Insecta	Coleoptera	Heteroceridae	
1286	Animalia	Arthropoda	Insecta	Coleoptera	Heteroceridae	Heterocerus
1287	Animalia	Arthropoda	Insecta	Coleoptera	Heteroceridae	Heterocerus
1288	Animalia	Arthropoda	Insecta	Hemiptera		
1289	Animalia	Arthropoda	Insecta	Coleoptera	Histeridae	Hister
1290	Animalia	Arthropoda	Insecta	Coleoptera	Histeridae	Hister
1291	Animalia	Arthropoda	Insecta	Coleoptera	Histeridae	Hister
1292	Animalia	Arthropoda	Insecta	Coleoptera	Histeridae	
1293	Animalia	Cnidaria	Hydrozoa	Filifera	Hydractiniidae	Hydractinia
1294	Animalia	Arthropoda	Insecta	Coleoptera	Hydraenidae	
1296	Animalia	Arthropoda	Insecta	Coleoptera	Hydrophilidae	Hydrobius
1297	Animalia	Arthropoda	Insecta	Coleoptera	Hydrophilidae	Hydrochus
1298	Animalia	Arthropoda	Insecta	Coleoptera	Hydrophilidae	
1299	Animalia	Arthropoda	Insecta	Coleoptera	Dytiscidae	Hydroporus
1300	Animalia	Arthropoda	Insecta	Hymenoptera		
1301	Animalia	Arthropoda	Insecta	Coleoptera	Curculionidae	Hypera
1302	Animalia	Arthropoda	Insecta	Coleoptera	Curculionidae	Hypera
1303	Animalia	Arthropoda	Insecta	Coleoptera	Curculionidae	Hypera
1305	Animalia	Arthropoda	Malacostraca	Isopoda		
1306	Animalia	Chordata	Mammalia	Lagomorpha		
1307	Animalia	Arthropoda	Arachnida	Mesostigmata	Ascidae	Lasioseius
1308	Animalia	Arthropoda	Arachnida	Mesostigmata	Ascidae	Lasioseius
1309	Animalia	Arthropoda	Insecta	Coleoptera	Latridiidae	
1310	Animalia	Arthropoda	Insecta	Coleoptera	Staphylinidae	Lathrobium
1311	Animalia	Arthropoda	Insecta	Coleoptera	Staphylinidae	Lathrobium
1313	Animalia	Arthropoda	Insecta	Coleoptera	Chrysomelidae	Lema
1314	Animalia	Arthropoda	Insecta	Lepidoptera		
1315	Animalia	Arthropoda	Insecta	Coleoptera	Staphylinidae	Leptacinus
1316	Animalia	Arthropoda	Insecta	Coleoptera	Staphylinidae	Lesteva
1317	Animalia	Chordata	Actinopterygii	Cypriniformes	Cyprinidae	Leuciscus
1319	Animalia	Arthropoda	Insecta	Coleoptera	Curculionidae	Limnobaris
1320	Animalia	Arthropoda	Insecta	Phthiraptera	Linognathidae	Linognathus
1321	Animalia	Arthropoda	Insecta	Psocoptera		
1322	Animalia	Arthropoda	Insecta	Coleoptera	Staphylinidae	Lithocharis
1324	Animalia	Arthropoda	Insecta	Coleoptera	Chrysomelidae	Longitarsus
1325	Animalia	Arthropoda	Insecta	Coleoptera	Carabidae	Loricera
1326	Animalia	Mollusca	Gastropoda	Pulmonata	Lymnaeidae	
1328	Animalia	Chordata	Mammalia	Proboscidea	Elephantidae	Mammuthus
1329	Animalia	Chordata	Mammalia	Proboscidea	Elephantidae	Mammuthus
1330	Animalia	Chordata	Mammalia	Artiodactyla	Cervidae	Megaloceros
1331	Animalia	Arthropoda	Insecta	Coleoptera	Hydrophilidae	Megasternum
1332	Animalia	Arthropoda	Insecta	Coleoptera	Staphylinidae	Metopsia
1333	Animalia	Arthropoda	Insecta	Coleoptera	Curculionidae	Micrelus
1334	Animalia	Arthropoda	Insecta	Coleoptera	Scirtidae	Microcara
1335	Animalia	Arthropoda	Insecta	Coleoptera	Ptiliidae	Microptilium
1336	Animalia	Arthropoda	Insecta	Coleoptera	Monotomidae	Monotoma
1337	Animalia	Arthropoda	Insecta	Coleoptera	Monotomidae	Monotoma
1338	Animalia	Arthropoda	Insecta	Coleoptera	Monotomidae	Monotoma
1340	Animalia	Chordata	Mammalia	Carnivora	Mustelidae	Mustela
1341	Animalia	Arthropoda	Insecta	Coleoptera	Brentidae	Nanophyes
1342	Animalia	Arthropoda	Insecta	Coleoptera	Carabidae	Nebria
1343	Animalia	Arthropoda	Insecta	Diptera		
1344	Animalia	Nematoda			inet.	
1345	Animalia	Annelida	Polychaeta	Phyllodocida	Nereididae	Nereis
1346	Animalia	Arthropoda	Insecta	Coleoptera	Curculionidae	Notaris
1347	Animalia	Arthropoda	Insecta	Coleoptera	Carabidae	Notiophilus
1348	Animalia	Arthropoda	Insecta	Coleoptera	Hydraenidae	Ochthebius
1349	Animalia	Arthropoda	Insecta	Coleoptera	Hydraenidae	Ochthebius
1350	Animalia	Arthropoda	Insecta	Coleoptera	Hydraenidae	Ochthebius
1351	Animalia	Arthropoda	Insecta	Coleoptera	Hydraenidae	Ochthebius
1352	Animalia	Arthropoda	Insecta	Coleoptera	Staphylinidae	Ochthephilum
1353	Animalia	Arthropoda	Insecta	Coleoptera	Phalacridae	Olibrus
1354	Animalia	Arthropoda	Insecta	Coleoptera	Staphylinidae	Olophrum
1355	Animalia	Arthropoda	Insecta	Coleoptera	Staphylinidae	Omalium
1356	Animalia	Arthropoda	Malacostraca	Isopoda	Oniscidae	
1357	Animalia	Arthropoda	Insecta	Coleoptera	Scarabaeidae	Onthophagus
1358	Animalia	Arthropoda	Insecta	Coleoptera	Carabidae	Oodes
1361	Animalia	Mollusca	Bivalvia	Ostreoida	Ostreidae	Ostrea
1362	Animalia	Arthropoda	Insecta	Coleoptera	Curculionidae	Otiorhynchus
1363	Animalia	Arthropoda	Insecta	Coleoptera	Chrysomelidae	Oulema
1365	Animalia	Arthropoda	Insecta	Coleoptera	Scarabaeidae	Oxyomus
1366	Animalia	Arthropoda	Insecta	Coleoptera	Staphylinidae	Oxytelus
1367	Animalia	Arthropoda	Insecta	Coleoptera	Staphylinidae	Paederus
1368	Animalia	Arthropoda	Insecta	Coleoptera	Hydrophilidae	Paracymus
1369	Animalia	Arthropoda	Arachnida	Mesostigmata	Parasitidae	
1370	Animalia	Arthropoda	Insecta	Coleoptera	Carabidae	Patrobus
1371	Animalia	Arthropoda	Insecta	Coleoptera	Phalacridae	
1372	Animalia	Chordata	Aves	Pelecaniformes	Phalacrocoracidae	Phalacrocorax
1373	Animalia	Arthropoda	Insecta	Coleoptera	Staphylinidae	Philonthus
1374	Animalia	Arthropoda	Insecta	Coleoptera	Staphylinidae	Philonthus
1375	Animalia	Mollusca	Gastropoda	Pulmonata	Planorbidae	Planorbis
1376	Animalia	Arthropoda	Insecta	Coleoptera	Chrysomelidae	Plateumaris
1377	Animalia	Arthropoda	Insecta	Coleoptera	Chrysomelidae	Plateumaris
1378	Animalia	Chordata	Actinopterygii	Pleuronectiformes	Pleuronectidae	Pleuronectes
1381	Animalia	Annelida	Polychaeta	Spionida	Spionidae	Polydora
1382	Animalia	Annelida	Polychaeta	Sabellida	Serpulidae	Pomatoceros
1383	Animalia	Chordata	Osteichthyes	Perciformes	Gobiidae	Pomatoschistus
1384	Animalia	Arthropoda	Malacostraca	Isopoda	Porcellionidae	Porcellio
1385	Animalia	Arthropoda	Insecta	Coleoptera	Carabidae	Pristonychus
1386	Animalia	Chordata	Mammalia	Proboscidea		
1388	Animalia	Arthropoda	Insecta	Coleoptera	Staphylinidae	Pselaphaulax
1389	Animalia	Arthropoda	Insecta	Coleoptera	Pselaphidae	
1390	Animalia	Arthropoda	Insecta	Coleoptera	Staphylinidae	Pselaphus
1391	Animalia	Arthropoda	Arachnida	Pseudoscorpiones		
1392	Animalia	Arthropoda	Insecta	Hemiptera	Psyllidae	
1393	Animalia	Arthropoda	Insecta	Coleoptera	Ptiliidae	Ptenidium
1394	Animalia	Arthropoda	Insecta	Coleoptera	Ptiliidae	Ptenidium
1395	Animalia	Arthropoda	Insecta	Coleoptera	Ptiliidae	Ptenidium
1396	Animalia	Arthropoda	Insecta	Coleoptera	Ptiliidae	Ptenidium
1397	Animalia	Arthropoda	Insecta	Coleoptera	Ptiliidae	Ptenidium
1398	Animalia	Arthropoda	Insecta	Coleoptera	Carabidae	Pterostichus
1399	Animalia	Arthropoda	Insecta	Coleoptera	Carabidae	Pterostichus
1400	Animalia	Arthropoda	Insecta	Coleoptera	Carabidae	Pterostichus
1401	Animalia	Arthropoda	Insecta	Coleoptera	Carabidae	Pterostichus
1402	Animalia	Arthropoda	Insecta	Coleoptera	Carabidae	Pterostichus
1403	Animalia	Arthropoda	Insecta	Coleoptera	Carabidae	Pterostichus
1404	Animalia	Arthropoda	Insecta	Coleoptera	Carabidae	Pterostichus
1405	Animalia	Arthropoda	Insecta	Coleoptera	Carabidae	Pterostichus
1406	Animalia	Arthropoda	Insecta	Coleoptera	Ptiliidae	
1407	Animalia	Arthropoda	Insecta	Coleoptera	Ptiliidae	Ptinella
1408	Animalia	Arthropoda	Insecta	Coleoptera	Ptinidae	
1410	Animalia	Chordata	Chondrichthyes	Rajiformes	Rajidae	Raja
1411	Animalia	Arthropoda	Insecta	Coleoptera	Rhizophagidae	
1412	Animalia	Arthropoda	Insecta	Coleoptera	Curculionidae	Rhyncolus
1413	Animalia	Arthropoda	Insecta	Coleoptera	Staphylinidae	Rugilus
1414	Animalia	Arthropoda	Insecta	Coleoptera	Staphylinidae	Rybaxis
1415	Animalia	Arthropoda	Insecta	Coleoptera	Staphylinidae	Rybaxis
1416	Animalia	Chordata	Actinopterygii	Salmoniformes	Salmonidae	Salmo
1417	Animalia	Arthropoda	Insecta	Coleoptera	Scarabaeidae	
1420	Animalia	Arthropoda	Insecta	Coleoptera	Scirtidae	
1421	Animalia	Arthropoda	Insecta	Coleoptera	Staphylinidae	Scopaeus
1422	Animalia	Ectoprocta	Gymnolaemata	Cheilostomatida	Candidae	Scrupocellaria
1425	Animalia	Arthropoda	Insecta	Coleoptera	Scydmaenidae	
1426	Animalia	Arthropoda	Insecta	Coleoptera	Staphylinidae	Sepedophilus
1427	Animalia	Arthropoda	Insecta	Diptera	Sepsidae	
1428	Animalia	Annelida	Polychaeta	Sabellida	Serpulidae	
1429	Animalia	Arthropoda	Insecta	Coleoptera	Silphidae	Silpha
1430	Animalia	Arthropoda	Insecta	Coleoptera	Byrrhidae	Simplocaria
1431	Animalia	Arthropoda	Insecta	Coleoptera	Curculionidae	Sitona
1432	Animalia	Arthropoda	Insecta	Coleoptera	Curculionidae	Sitophilus
1433	Animalia	Arthropoda	Insecta	Phthiraptera	Linognathidae	Solenopotes
1434	Animalia	Arthropoda	Insecta	Coleoptera	Hydrophilidae	Sphaeridium
1435	Animalia	Arthropoda	Insecta	Coleoptera	Hydrophilidae	Sphaeridium
1436	Animalia	Annelida	Polychaeta	Sabellida	Serpulidae	Spirorbis
1437	Animalia	Arthropoda	Insecta	Coleoptera	Staphylinidae	
1438	Animalia	Arthropoda	Insecta	Coleoptera	Staphylinidae	Staphylinus
1439	Animalia	Arthropoda	Insecta	Coleoptera	Anobiidae	Stegobium
1440	Animalia	Arthropoda	Insecta	Coleoptera	Scydmaenidae	Stenichnus
1441	Animalia	Arthropoda	Insecta	Coleoptera	Staphylinidae	Stenus
1442	Animalia	Arthropoda	Insecta	Coleoptera	Phalacridae	Stilbus
1443	Animalia	Arthropoda	Insecta	Coleoptera	Phalacridae	Stilbus
1444	Animalia	Chordata	Aves	Strigiformes	Strigidae	
1446	Animalia	Arthropoda	Insecta	Coleoptera	Byrrhidae	Syncalypta
1447	Animalia	Arthropoda	Insecta	Coleoptera	Carabidae	Synuchus
1448	Animalia	Arthropoda	Insecta	Coleoptera	Staphylinidae	Tachinus
1449	Animalia	Arthropoda	Insecta	Coleoptera	Staphylinidae	Tachyporus
1450	Animalia	Arthropoda	Insecta	Coleoptera	Curculionidae	Tanysphyrus
1451	Animalia	Arthropoda	Insecta	Coleoptera	Curculionidae	Thryogenes
1452	Animalia	Arthropoda	Insecta	Coleoptera	Carabidae	Trechus
1453	Animalia	Arthropoda	Insecta	Coleoptera	Carabidae	Trichocellus
1454	Animalia	Arthropoda	Insecta	Trichoptera		
1457	Animalia	Nematoda	Adenophorea	Enoplida	Trichuridae	Trichuris
1458	Animalia	Nematoda	Adenophorea	Enoplida	Trichuridae	Trichuris
1459	Animalia	Chordata	Actinopterygii	Scorpaeniformes	Triglidae	Trigla
1460	Animalia	Arthropoda	Insecta	Coleoptera	Staphylinidae	Trissemus
1461	Animalia	Arthropoda	Insecta	Coleoptera	Curculionidae	Tychius
1462	Animalia	Arthropoda	Insecta	Coleoptera	Staphylinidae	Tychus
1464	Animalia	Arthropoda	Insecta	Coleoptera	Staphylinidae	Xantholinus
1465	Animalia	Arthropoda	Insecta	Coleoptera	Staphylinidae	Xylodromus
1466	Animalia	Chordata	Mammalia	Carnivora	Mustelidae	Mustela
1467	Animalia	Chordata	Mammalia	Proboscidea	Elephantidae	
1468	Animalia	Chordata				
1469	Animalia	Chordata	Aves	Anseriformes	Anatidae	Cygnus
1470	Animalia	Chordata	Aves	Pelecaniformes	Ardeidae	Egretta
1471	Animalia	Mollusca	Bivalvia	Nuculoida	Nuculidae	Nucula
1472	Animalia	Chordata	Mammalia	Carnivora		
1473	Animalia	Arthropoda	Chilopoda			
1474	Animalia	Arthropoda	Insecta	Coleoptera	Latridiidae	Enicmus
1475	Animalia	Chordata	Mammalia	Carnivora	Felidae	
1476	Animalia	Chordata	Aves	Galliformes	Phasianidae	
1477	Animalia	Annelida	Polychaeta	Sabellida	Serpulidae	Serpula
1478	Animalia	Arthropoda	Malacostraca	Decapoda		
1479	Animalia	Arthropoda	Insecta	Coleoptera	Latridiidae	Latridius
1480	Animalia	Mollusca	Gastropoda	Pulmonata		
1481	Animalia	Chordata	Reptilia	Squamata		
1482	Animalia	Annelida	Polychaeta	Phyllodocida	Nereididae	
1483	Animalia	Chordata	Mammalia	Carnivora	Canidae	
1484	Animalia	Chordata	Actinopterygii	Pleuronectiformes		
1485	Animalia	Arthropoda	Insecta	Coleoptera	Chrysomelidae	Plateumaris
1486	Animalia	Chordata	Mammalia	Insectivora	Soricidae	Sorex
1487	Animalia	Mollusca	Bivalvia	Pectinoida	Pectinidae	Pecten
1491	Animalia	Chordata	Aves	Charadriiformes	Stercorariidae	Stercorarius
1492	Animalia	Chordata	Aves	Charadriiformes	Stercorariidae	Stercorarius
1494	Animalia	Chordata	Aves	Charadriiformes	Laridae	Thalasseus
1501	Animalia		Gastropoda	Neogastropoda	Conidae	Conus
1502	Animalia		Gastropoda	Neotaenioglossa	Cypraeidae	Cypraea
1504	Animalia		Actinopterygii	Acipenseriformes	Acipenseridae	Acipenser
1507	Animalia		Bivalvia	Veneroida	Sphaeriidae	Pisidium
1508	Animalia		Bryozoa	Plumatellida	Cristatellidae	Cristatella
1510	Animalia		Demospongiae	Haplosclerida	Spongillidae	Spongilla
1511	Animalia		Gastropoda	Chitonida	Tonicellidae	Lepidochitona
1512	Animalia		Gastropoda	Neotaenioglossa	Hydrobiidae	Peringia
1513	Animalia		Polychaeta	Terebellida	Pectinariidae	Lagis
1514	Animalia		Foraminifera			indet
1515	Animalia		Bacillariophyceae			
1517	Animalia		Clitellata	Opisthopora	Lumbricidae	Lumbricidae
1526	Animalia		Aves	Charadriiformes	Laridae	Chlidonias
1527	Animalia	Chordata	Mammalia	Rodentia	Muridae	
1528	Animalia	Chordata	Mammalia	Rodentia	Muridae	
1530	Animalia	Mollusca	Gastropoda	Stylommatophora	Helicidae	
1531	Animalia	Chordata	Mammalia	Lagomorpha	Leporidae	Lepus
